param_type,width_multiplier,step,rng_seed,post_encoder,ssm_state_0,ssm_output_0,ssm_post_gelu_0,ssm_post_glu_0,output
muP_SSM,2,1,319935,0.4564461,0.019357035,0.47223392,0.12958418,0.084658876,0.14150167
muP_SSM,2,10,319935,0.4571219,0.019378789,0.4730784,0.13028143,0.08528164,0.119912416
muP_SSM,2,100,319935,0.46313584,0.019544652,0.48028597,0.1372975,0.09273374,0.088140436
muP_SSM,2,1,499896,0.48446995,0.02039455,0.4293877,0.18616134,0.07824666,0.20545788
muP_SSM,2,10,499896,0.48471186,0.02040751,0.4294148,0.18601793,0.07744966,0.1883022
muP_SSM,2,100,499896,0.48625937,0.020503867,0.43407473,0.18765667,0.07511002,0.08696554
muP_SSM,2,1,230528,0.38650775,0.008144001,0.32078984,0.21334144,0.08343605,0.181902
muP_SSM,2,10,230528,0.3863515,0.008137232,0.3209121,0.21347074,0.0832099,0.16155098
muP_SSM,2,100,230528,0.38586298,0.008101224,0.32302058,0.215348,0.08467447,0.044347238
muP_SSM,2,1,870244,0.30727404,0.0037342918,0.284391,0.08530124,0.054391295,0.19411588
muP_SSM,2,10,870244,0.3073135,0.0037331518,0.28428856,0.085280165,0.054303225,0.17850609
muP_SSM,2,100,870244,0.3072938,0.003722589,0.28431597,0.08527291,0.05338599,0.09405402
muP_SSM,2,1,303982,0.3696088,0.006495594,0.2074721,0.12320659,0.07086793,0.12569961
muP_SSM,2,10,303982,0.36960334,0.006493834,0.20736925,0.12313758,0.07017598,0.1066218
muP_SSM,2,100,303982,0.36951485,0.0064688018,0.20673265,0.12276782,0.06635041,0.05194961
muP_SSM,2,1,142925,0.29144245,0.0070979395,0.1798771,0.09802462,0.08008095,0.22485168
muP_SSM,2,10,142925,0.29097906,0.0070786923,0.17939785,0.097755075,0.079969,0.21339937
muP_SSM,2,100,142925,0.28652292,0.0069101593,0.17542386,0.095628045,0.07937435,0.14836648
muP_SSM,2,1,127652,0.27248004,0.007808591,0.23980758,0.087756515,0.05305561,0.064885475
muP_SSM,2,10,127652,0.27234173,0.007802772,0.2394414,0.087760605,0.052983988,0.057483785
muP_SSM,2,100,127652,0.26990196,0.0076968553,0.23438889,0.08780968,0.05301073,0.046818882
muP_SSM,2,1,683486,0.41215003,0.01689686,0.3048159,0.14436217,0.07598058,0.061569326
muP_SSM,2,10,683486,0.4122606,0.016903128,0.30484027,0.14438045,0.075933285,0.058758546
muP_SSM,2,100,683486,0.4129352,0.016948713,0.3052435,0.14463373,0.0762163,0.03667392
muP_SSM,2,1,645902,0.2994856,0.012717121,0.2182243,0.088038355,0.058725953,0.13548064
muP_SSM,2,10,645902,0.29984552,0.012734405,0.21865669,0.08816984,0.058709934,0.11404019
muP_SSM,2,100,645902,0.3016838,0.012865284,0.22137992,0.08931589,0.060344577,0.018740369
muP_SSM,2,1,305033,0.29245725,0.0094656,0.1903086,0.098614596,0.07408092,0.07680706
muP_SSM,2,10,305033,0.29251602,0.009466786,0.19020046,0.09856661,0.07377982,0.07089157
muP_SSM,2,100,305033,0.29264063,0.009474129,0.18954165,0.09830834,0.07202835,0.041712172
muP_SSM,4,1,319935,0.43210912,0.015843835,0.49258593,0.16117999,0.08518907,0.11677647
muP_SSM,4,10,319935,0.43255308,0.015862746,0.49337092,0.1615371,0.08521222,0.092760764
muP_SSM,4,100,319935,0.4342524,0.01596676,0.49864763,0.16467062,0.08937139,0.060378697
muP_SSM,4,1,499896,0.44905165,0.018455315,0.35539186,0.17396313,0.06629377,0.10711635
muP_SSM,4,10,499896,0.44923985,0.018464217,0.35563523,0.17418392,0.06632248,0.09946353
muP_SSM,4,100,499896,0.45038447,0.018500635,0.35887152,0.17681754,0.0667619,0.048007358
muP_SSM,4,1,230528,0.42028633,0.014859865,0.36065143,0.20431688,0.09506256,0.16696867
muP_SSM,4,10,230528,0.4202633,0.0148630375,0.36050048,0.2041981,0.094189025,0.14855446
muP_SSM,4,100,230528,0.41964585,0.014895505,0.35951814,0.20349188,0.09009632,0.045881167
muP_SSM,4,1,870244,0.37003443,0.015902655,0.32545376,0.15302512,0.075912334,0.10044874
muP_SSM,4,10,870244,0.37003836,0.015909178,0.3254496,0.1529703,0.075777136,0.09504801
muP_SSM,4,100,870244,0.36937663,0.015932815,0.32549047,0.15272768,0.07463679,0.06802956
muP_SSM,4,1,303982,0.41605136,0.013847446,0.25627103,0.1406313,0.06530044,0.066769265
muP_SSM,4,10,303982,0.41604906,0.0138490135,0.25614765,0.14057215,0.06531567,0.063089125
muP_SSM,4,100,303982,0.4157404,0.013849489,0.25512004,0.14016803,0.06646727,0.041386057
muP_SSM,4,1,142925,0.35832995,0.012815284,0.27319133,0.14008112,0.0576436,0.16592522
muP_SSM,4,10,142925,0.35834447,0.0128119765,0.27319118,0.14016567,0.05758398,0.15802245
muP_SSM,4,100,142925,0.3579711,0.01276714,0.27292347,0.1409257,0.057784405,0.11939103
muP_SSM,4,1,127652,0.3119492,0.010444979,0.22261964,0.10717879,0.05896877,0.04197375
muP_SSM,4,10,127652,0.31204256,0.010450405,0.22256422,0.10714021,0.05886449,0.039002635
muP_SSM,4,100,127652,0.31249994,0.01047209,0.22247559,0.107012615,0.058442883,0.025780564
muP_SSM,4,1,683486,0.42241132,0.022460623,0.37846938,0.15047589,0.08165639,0.028459715
muP_SSM,4,10,683486,0.42260325,0.022478243,0.37862334,0.15049072,0.081574015,0.030788967
muP_SSM,4,100,683486,0.42366168,0.022566484,0.37979904,0.15080054,0.08134733,0.037660953
muP_SSM,4,1,645902,0.31614032,0.015155611,0.29943413,0.14458622,0.08035574,0.11493364
muP_SSM,4,10,645902,0.31600517,0.015143961,0.29903728,0.14456454,0.0797645,0.09837129
muP_SSM,4,100,645902,0.31293508,0.015043627,0.2930096,0.14344348,0.07763489,0.052052658
muP_SSM,4,1,305033,0.35820046,0.016282542,0.30581072,0.18318123,0.1042537,0.039754145
muP_SSM,4,10,305033,0.3582076,0.016282389,0.3058909,0.1832738,0.10416159,0.03873103
muP_SSM,4,100,305033,0.3578549,0.01624858,0.30688184,0.18427618,0.10383113,0.039363816
muP_SSM,8,1,319935,0.50812465,0.02690098,0.5526145,0.20253043,0.09377685,0.14282043
muP_SSM,8,10,319935,0.50766045,0.026857529,0.55189854,0.20210695,0.09283706,0.12872973
muP_SSM,8,100,319935,0.50495404,0.026580239,0.5498122,0.2003265,0.09055579,0.0777376
muP_SSM,8,1,499896,0.44978815,0.023588704,0.3751347,0.18622683,0.09167133,0.09102996
muP_SSM,8,10,499896,0.4496068,0.02358623,0.37470812,0.18609095,0.09155399,0.083433576
muP_SSM,8,100,499896,0.44774786,0.023553409,0.3716909,0.18545744,0.09141612,0.033098996
muP_SSM,8,1,230528,0.37637255,0.020646373,0.3371115,0.17934132,0.0786478,0.09347413
muP_SSM,8,10,230528,0.37627077,0.020644853,0.33689207,0.17916492,0.07854674,0.08182612
muP_SSM,8,100,230528,0.37573317,0.020616544,0.3369012,0.17898472,0.079373606,0.024477996
muP_SSM,8,1,870244,0.33522165,0.016417975,0.2670403,0.124644496,0.05850728,0.09968004
muP_SSM,8,10,870244,0.3352569,0.016420975,0.26704848,0.12462873,0.058375552,0.09475001
muP_SSM,8,100,870244,0.33479404,0.016417699,0.26682568,0.12452115,0.057893265,0.068208046
muP_SSM,8,1,303982,0.43362278,0.019709213,0.33955285,0.16486399,0.08501979,0.0586507
muP_SSM,8,10,303982,0.433561,0.019707981,0.3395535,0.16488549,0.08508767,0.05127915
muP_SSM,8,100,303982,0.4322369,0.019674564,0.33949223,0.1652018,0.08682614,0.056521017
muP_SSM,8,1,142925,0.37829515,0.021246824,0.33666086,0.14772911,0.061038774,0.09250608
muP_SSM,8,10,142925,0.37822017,0.021235103,0.33641735,0.1475905,0.060924996,0.09382266
muP_SSM,8,100,142925,0.3767438,0.02107031,0.33375046,0.14653657,0.060095727,0.10403966
muP_SSM,8,1,127652,0.30610222,0.01824503,0.22775333,0.117996015,0.04147331,0.029240128
muP_SSM,8,10,127652,0.3059393,0.01823776,0.22752796,0.117897645,0.041384645,0.025080737
muP_SSM,8,100,127652,0.3041385,0.018139616,0.22530545,0.117250815,0.040993858,0.024475122
muP_SSM,8,1,683486,0.41945893,0.026994163,0.32853758,0.1604502,0.07419642,0.037801452
muP_SSM,8,10,683486,0.41937307,0.02699299,0.32841927,0.16045624,0.074209385,0.036650848
muP_SSM,8,100,683486,0.4177199,0.026953686,0.32704422,0.1606004,0.074615374,0.03387696
muP_SSM,8,1,645902,0.30316713,0.018036703,0.2645084,0.13032062,0.06695711,0.07374638
muP_SSM,8,10,645902,0.3032499,0.018035347,0.2646667,0.13035971,0.06694545,0.06599235
muP_SSM,8,100,645902,0.3031006,0.018015396,0.26511803,0.13061185,0.06737951,0.026176628
muP_SSM,8,1,305033,0.36436722,0.022755215,0.278407,0.15467122,0.07707139,0.04133792
muP_SSM,8,10,305033,0.36422825,0.022750223,0.2782821,0.15472446,0.07706227,0.03829888
muP_SSM,8,100,305033,0.36262417,0.02268217,0.27737597,0.15543881,0.077422775,0.031685732
muP_SSM,16,1,319935,0.5330013,0.028530857,0.50696594,0.21718177,0.098730706,0.06750714
muP_SSM,16,10,319935,0.53312206,0.028506454,0.5070344,0.21723649,0.098642886,0.054361988
muP_SSM,16,100,319935,0.5339132,0.02839438,0.50969726,0.21877997,0.10227922,0.053447433
muP_SSM,16,1,499896,0.44260964,0.030804582,0.33588043,0.16359301,0.07294411,0.05417084
muP_SSM,16,10,499896,0.44263062,0.030805508,0.33595383,0.16361153,0.07296242,0.049253978
muP_SSM,16,100,499896,0.443055,0.030812621,0.33790022,0.16463885,0.074083254,0.02214166
muP_SSM,16,1,230528,0.36907148,0.025462696,0.32188183,0.18216054,0.07802718,0.05968484
muP_SSM,16,10,230528,0.3691183,0.02546078,0.32190803,0.18222775,0.07805314,0.05303645
muP_SSM,16,100,230528,0.368117,0.025338272,0.32140383,0.18245736,0.079163134,0.022947775
muP_SSM,16,1,870244,0.3411998,0.028300146,0.29005748,0.13376215,0.059176836,0.052305475
muP_SSM,16,10,870244,0.34111243,0.028292127,0.2899411,0.13373038,0.05915647,0.052286856
muP_SSM,16,100,870244,0.33965674,0.028179402,0.2889644,0.1336251,0.059257317,0.051523548
muP_SSM,16,1,303982,0.3987783,0.027170442,0.31269526,0.1469919,0.067449965,0.03320983
muP_SSM,16,10,303982,0.39882302,0.027167954,0.31274217,0.146978,0.06756062,0.031779874
muP_SSM,16,100,303982,0.39874855,0.027124694,0.31366187,0.14730681,0.070049085,0.04462018
muP_SSM,16,1,142925,0.36818004,0.030658785,0.31239158,0.1466682,0.054827392,0.084079266
muP_SSM,16,10,142925,0.36815032,0.030662753,0.3124457,0.14666125,0.054961756,0.08610733
muP_SSM,16,100,142925,0.36748704,0.030638719,0.31279257,0.14692697,0.05657988,0.09755361
muP_SSM,16,1,127652,0.3397235,0.02943238,0.27439624,0.1340011,0.049825698,0.023848513
muP_SSM,16,10,127652,0.33970442,0.029434562,0.27431616,0.13395505,0.049875326,0.021294104
muP_SSM,16,100,127652,0.3390968,0.029424543,0.27394423,0.13378902,0.05063347,0.024540855
muP_SSM,16,1,683486,0.43093085,0.034517128,0.3338354,0.1698807,0.06929795,0.03065303
muP_SSM,16,10,683486,0.43087593,0.03452338,0.33376366,0.16992389,0.069407634,0.03246044
muP_SSM,16,100,683486,0.4298759,0.034576587,0.33348423,0.17071787,0.07120764,0.04306082
muP_SSM,16,1,645902,0.33229983,0.026294122,0.28625384,0.1355831,0.051947076,0.050509438
muP_SSM,16,10,645902,0.33234444,0.026295286,0.28636715,0.1356134,0.051876433,0.041836426
muP_SSM,16,100,645902,0.3317923,0.0262814,0.28672388,0.1356761,0.051646695,0.013774094
muP_SSM,16,1,305033,0.39850965,0.030500757,0.326779,0.17358655,0.07503591,0.0153743755
muP_SSM,16,10,305033,0.3984676,0.030494366,0.32669073,0.17360881,0.075061575,0.014897749
muP_SSM,16,100,305033,0.39765778,0.030419353,0.32616758,0.17417346,0.07588807,0.02582028
muP_SSM,32,1,319935,0.5339869,0.051266022,0.49328613,0.2310101,0.09600544,0.05284132
muP_SSM,32,10,319935,0.53412527,0.05124842,0.4933646,0.23102818,0.095993854,0.042283207
muP_SSM,32,100,319935,0.5347082,0.051132515,0.495524,0.23229599,0.09995785,0.08012523
muP_SSM,32,1,499896,0.41810173,0.04064715,0.34064913,0.17172192,0.0735296,0.04997486
muP_SSM,32,10,499896,0.41811463,0.04064678,0.34062377,0.17171457,0.07356924,0.044908002
muP_SSM,32,100,499896,0.41732004,0.040612966,0.34070265,0.17184544,0.074539,0.019831127
muP_SSM,32,1,230528,0.38647786,0.035281822,0.34374958,0.18295714,0.07652821,0.044025
muP_SSM,32,10,230528,0.3863952,0.0352677,0.34364602,0.18291219,0.07656632,0.03723834
muP_SSM,32,100,230528,0.38506404,0.03510439,0.34297165,0.18275452,0.078231454,0.01652141
muP_SSM,32,1,870244,0.34431812,0.03154409,0.3144045,0.15924999,0.07138436,0.043153778
muP_SSM,32,10,870244,0.3443329,0.031544548,0.31441465,0.15928538,0.07142124,0.042954158
muP_SSM,32,100,870244,0.34360942,0.03148165,0.31416225,0.15957426,0.071902424,0.038941998
muP_SSM,32,1,303982,0.40034127,0.039647643,0.34248352,0.15968665,0.06150243,0.03315204
muP_SSM,32,10,303982,0.40032575,0.03964791,0.3424274,0.15965898,0.06140628,0.031174514
muP_SSM,32,100,303982,0.39963382,0.03967588,0.34198815,0.15968104,0.06155383,0.035880636
muP_SSM,32,1,142925,0.3916452,0.041750148,0.31670442,0.16518082,0.061760034,0.043443684
muP_SSM,32,10,142925,0.3916349,0.041742433,0.31667134,0.16517007,0.061742716,0.047637913
muP_SSM,32,100,142925,0.39097822,0.0416154,0.31659427,0.16553603,0.06254077,0.07110441
muP_SSM,32,1,127652,0.33839497,0.035050187,0.28019968,0.14307745,0.057893474,0.013187391
muP_SSM,32,10,127652,0.33837798,0.03504846,0.28010777,0.14306347,0.057956286,0.0151705975
muP_SSM,32,100,127652,0.33756733,0.03497213,0.2791178,0.14300534,0.05881683,0.036952242
muP_SSM,32,1,683486,0.3924955,0.040746357,0.346217,0.1666239,0.061645746,0.013772915
muP_SSM,32,10,683486,0.39248222,0.040745366,0.34618244,0.16659316,0.06163896,0.016200835
muP_SSM,32,100,683486,0.39131165,0.04064514,0.34513807,0.16600865,0.06181103,0.041916303
muP_SSM,32,1,645902,0.3407513,0.039336924,0.28189206,0.13690801,0.060192876,0.032248393
muP_SSM,32,10,645902,0.34073952,0.039342225,0.2818705,0.13690087,0.060149617,0.025015
muP_SSM,32,100,645902,0.33984455,0.039373428,0.28129143,0.13677208,0.06003619,0.014711645
muP_SSM,32,1,305033,0.37083367,0.036886685,0.30465025,0.16483906,0.06457981,0.01902409
muP_SSM,32,10,305033,0.37081167,0.03687492,0.3046958,0.1648516,0.064577594,0.019281192
muP_SSM,32,100,305033,0.36974373,0.036722157,0.30444947,0.16485755,0.06478994,0.028613921
muP_SSM,64,1,319935,0.5100976,0.0654883,0.44517332,0.20422834,0.08205274,0.036233265
muP_SSM,64,10,319935,0.5099769,0.06548117,0.44473553,0.20411624,0.08190545,0.028691245
muP_SSM,64,100,319935,0.5090454,0.06534478,0.4438681,0.20427616,0.08305523,0.05182758
muP_SSM,64,1,499896,0.413377,0.053839598,0.35566187,0.18157063,0.072713,0.02874286
muP_SSM,64,10,499896,0.41332427,0.053830232,0.35567194,0.18155943,0.07273476,0.024553096
muP_SSM,64,100,499896,0.41305357,0.053762577,0.35643613,0.18190025,0.07370224,0.016759694
muP_SSM,64,1,230528,0.3918746,0.046665,0.3437132,0.17597489,0.06847921,0.03220219
muP_SSM,64,10,230528,0.39186823,0.046664316,0.34369385,0.17598416,0.06847285,0.028414084
muP_SSM,64,100,230528,0.39128917,0.046619404,0.34414396,0.17651728,0.069376476,0.019995233
muP_SSM,64,1,870244,0.34284216,0.042634595,0.30396876,0.15499501,0.058875237,0.026604867
muP_SSM,64,10,870244,0.34282956,0.042632796,0.3039324,0.15501022,0.058936026,0.027457023
muP_SSM,64,100,870244,0.3416548,0.04258159,0.30267605,0.15479727,0.059470695,0.029503038
muP_SSM,64,1,303982,0.3904881,0.051365767,0.32878104,0.15753064,0.0614527,0.023331042
muP_SSM,64,10,303982,0.39053884,0.051368702,0.32883584,0.15755674,0.06142462,0.023296554
muP_SSM,64,100,303982,0.39056197,0.051456768,0.32926828,0.15796457,0.061803833,0.030025253
muP_SSM,64,1,142925,0.3997849,0.05107656,0.34103715,0.17160633,0.06668619,0.03497463
muP_SSM,64,10,142925,0.39981142,0.05106605,0.34113887,0.17167817,0.06675281,0.041170675
muP_SSM,64,100,142925,0.39914513,0.051004242,0.34144074,0.17229655,0.068220735,0.07836138
muP_SSM,64,1,127652,0.33809027,0.038979,0.28705996,0.14470962,0.058927078,0.00853324
muP_SSM,64,10,127652,0.3380684,0.0389684,0.2870264,0.14470275,0.05896294,0.010065891
muP_SSM,64,100,127652,0.3370037,0.038823977,0.2861778,0.1444528,0.059217785,0.028323714
muP_SSM,64,1,683486,0.39064932,0.051521648,0.31010833,0.15517136,0.05857551,0.011429831
muP_SSM,64,10,683486,0.39068088,0.051523045,0.3102222,0.15525943,0.058615487,0.014410872
muP_SSM,64,100,683486,0.3900432,0.051493842,0.31073695,0.15571767,0.059386592,0.0425237
muP_SSM,64,1,645902,0.34633315,0.04405146,0.29256058,0.13779157,0.050491136,0.020546036
muP_SSM,64,10,645902,0.34634823,0.044053406,0.2926037,0.13781065,0.05052977,0.017664269
muP_SSM,64,100,645902,0.34578118,0.04402768,0.29277456,0.1379273,0.051078405,0.018175807
muP_SSM,64,1,305033,0.3643368,0.047665324,0.30493143,0.15434003,0.060699478,0.0075630536
muP_SSM,64,10,305033,0.36432123,0.047662623,0.30489817,0.1543436,0.060677283,0.008610008
muP_SSM,64,100,305033,0.36325964,0.047535453,0.30371708,0.15428536,0.060670085,0.018264558
muP_SSM,128,1,319935,0.4881055,0.07348934,0.43002543,0.20331144,0.085001804,0.023995781
muP_SSM,128,10,319935,0.48797363,0.073505186,0.4299043,0.2032801,0.084885545,0.016810972
muP_SSM,128,100,319935,0.48736042,0.07367839,0.4308589,0.2043256,0.08663408,0.053283624
muP_SSM,128,1,499896,0.4204962,0.060145956,0.36384097,0.18791147,0.07509078,0.016018374
muP_SSM,128,10,499896,0.4205668,0.060139075,0.36390343,0.18795034,0.075125456,0.013862663
muP_SSM,128,100,499896,0.42018285,0.060085066,0.36409527,0.18823726,0.07626874,0.019703312
muP_SSM,128,1,230528,0.39499268,0.056085575,0.34547105,0.17100546,0.06729742,0.020580854
muP_SSM,128,10,230528,0.39500076,0.056071308,0.34554636,0.17105372,0.06737758,0.01721431
muP_SSM,128,100,230528,0.39445585,0.05591076,0.3462767,0.17158835,0.06886816,0.01654439
muP_SSM,128,1,870244,0.35115835,0.051415578,0.30961838,0.15481915,0.057805803,0.02811833
muP_SSM,128,10,870244,0.35118365,0.051415384,0.30966893,0.15483566,0.05784153,0.02965899
muP_SSM,128,100,870244,0.35063016,0.051334225,0.30975777,0.15492582,0.05820929,0.036695264
muP_SSM,128,1,303982,0.38928744,0.061734624,0.33818498,0.16726995,0.06780406,0.015852196
muP_SSM,128,10,303982,0.38926905,0.061731447,0.33817714,0.16724682,0.067789055,0.013741727
muP_SSM,128,100,303982,0.38873386,0.061709616,0.33839688,0.1673223,0.06837597,0.03419899
muP_SSM,128,1,142925,0.40345567,0.06433014,0.35072428,0.18502422,0.074781336,0.0345832
muP_SSM,128,10,142925,0.40344596,0.06432886,0.35079113,0.18509333,0.07483379,0.041345302
muP_SSM,128,100,142925,0.402867,0.06430808,0.35132378,0.18587811,0.076143816,0.08239647
muP_SSM,128,1,127652,0.34718376,0.051793322,0.29771838,0.15521418,0.059879832,0.0050128377
muP_SSM,128,10,127652,0.3471486,0.051791627,0.2976575,0.155194,0.059876066,0.007839215
muP_SSM,128,100,127652,0.34595403,0.051647875,0.2962828,0.1546683,0.05967221,0.024006953
muP_SSM,128,1,683486,0.38785776,0.056213617,0.32074884,0.16311428,0.06393976,0.0043310635
muP_SSM,128,10,683486,0.38783118,0.056208186,0.32070336,0.16304667,0.06391109,0.009788399
muP_SSM,128,100,683486,0.3871738,0.056122985,0.32044503,0.1625572,0.06419971,0.041003995
muP_SSM,128,1,645902,0.34715936,0.053116076,0.29355282,0.14033073,0.052231193,0.01887017
muP_SSM,128,10,645902,0.34713867,0.053107698,0.29352775,0.14031172,0.052201144,0.0147381425
muP_SSM,128,100,645902,0.34627587,0.05295106,0.29295886,0.1401491,0.052378725,0.012921378
muP_SSM,128,1,305033,0.34937993,0.047851127,0.30264765,0.15119836,0.059281997,0.007732999
muP_SSM,128,10,305033,0.3493753,0.047855835,0.30269083,0.15123,0.059308965,0.008990095
muP_SSM,128,100,305033,0.3483679,0.047832087,0.30202278,0.15133037,0.05948966,0.019694017
muP_SSM,256,1,319935,0.49793857,0.07902907,0.44985104,0.2118755,0.091441974,0.01214795
muP_SSM,256,10,319935,0.49786982,0.0790377,0.4497472,0.21194676,0.09155045,0.012509604
muP_SSM,256,100,319935,0.49748605,0.07915622,0.451256,0.21396677,0.095177926,0.061801825
muP_SSM,256,1,499896,0.4271055,0.070072636,0.37500337,0.1941483,0.07536439,0.016057726
muP_SSM,256,10,499896,0.4270991,0.07007561,0.3749955,0.19415982,0.07536717,0.013897719
muP_SSM,256,100,499896,0.4264528,0.07006178,0.3750479,0.19438617,0.07638613,0.017984947
muP_SSM,256,1,230528,0.39930066,0.06476627,0.35447264,0.17449065,0.067097284,0.015903493
muP_SSM,256,10,230528,0.3992818,0.06476384,0.35441947,0.1744517,0.06709348,0.013073932
muP_SSM,256,100,230528,0.39851937,0.06469456,0.3540678,0.17423436,0.06774231,0.01765957
muP_SSM,256,1,870244,0.3431368,0.05184763,0.29223758,0.14601336,0.053277947,0.019651128
muP_SSM,256,10,870244,0.3431673,0.051852047,0.29229993,0.1460404,0.053296003,0.021837445
muP_SSM,256,100,870244,0.34257397,0.05179512,0.29227367,0.14606148,0.053479977,0.032881565
muP_SSM,256,1,303982,0.39148003,0.0646535,0.34160334,0.1691341,0.064969264,0.010355641
muP_SSM,256,10,303982,0.39149544,0.06465713,0.34162495,0.16916513,0.0650192,0.012424957
muP_SSM,256,100,303982,0.39105162,0.064733066,0.34197956,0.16975883,0.066237584,0.038838435
muP_SSM,256,1,142925,0.3974971,0.06979461,0.3558265,0.18075702,0.07075226,0.021378579
muP_SSM,256,10,142925,0.39749146,0.06979501,0.35584408,0.1807602,0.070810474,0.029445145
muP_SSM,256,100,142925,0.39672375,0.06978557,0.35576433,0.1808812,0.07190634,0.077124394
muP_SSM,256,1,127652,0.34746683,0.055016167,0.3050813,0.15387794,0.055733953,0.00542483
muP_SSM,256,10,127652,0.34745556,0.055018056,0.30508372,0.15388294,0.055754345,0.008390377
muP_SSM,256,100,127652,0.34651548,0.05494713,0.30457366,0.15374742,0.05592639,0.026389385
muP_SSM,256,1,683486,0.39265606,0.0625875,0.33210725,0.16968219,0.06642265,0.0059042987
muP_SSM,256,10,683486,0.3926443,0.062584095,0.3320723,0.16966681,0.06643111,0.010080907
muP_SSM,256,100,683486,0.39198938,0.062496994,0.33184922,0.16953504,0.0669633,0.04142309
muP_SSM,256,1,645902,0.35289732,0.053480435,0.3007162,0.14951667,0.057134945,0.01379311
muP_SSM,256,10,645902,0.35288584,0.053477142,0.3007063,0.14952394,0.057140578,0.01096025
muP_SSM,256,100,645902,0.35198626,0.05337378,0.29999697,0.14934638,0.05725651,0.017927116
muP_SSM,256,1,305033,0.35136425,0.051903713,0.30082014,0.15146577,0.056855958,0.008906318
muP_SSM,256,10,305033,0.35135248,0.05190309,0.30080467,0.15145472,0.05686249,0.009774556
muP_SSM,256,100,305033,0.35033143,0.051802415,0.30009392,0.1512386,0.05698915,0.01568331
muP_SSM,512,1,319935,0.49836,0.07316261,0.43916947,0.21227217,0.09133788,0.010767567
muP_SSM,512,10,319935,0.49836048,0.07316461,0.4391718,0.21219839,0.091404304,0.013168414
muP_SSM,512,100,319935,0.4982107,0.073168054,0.4406307,0.21282108,0.09455051,0.06461483
muP_SSM,512,1,499896,0.42488754,0.068747826,0.3746553,0.18816511,0.07399835,0.008615808
muP_SSM,512,10,499896,0.4249068,0.068746574,0.37469047,0.1882015,0.07403727,0.0072193528
muP_SSM,512,100,499896,0.4245745,0.06869662,0.37532976,0.18869784,0.07521951,0.018303268
muP_SSM,512,1,230528,0.40006614,0.061897796,0.35494938,0.17394163,0.06685469,0.008618032
muP_SSM,512,10,230528,0.40006977,0.061893575,0.35496482,0.17395018,0.066885024,0.0063972445
muP_SSM,512,100,230528,0.3995197,0.06182541,0.35509565,0.17417653,0.0679101,0.019843275
muP_SSM,512,1,870244,0.34683692,0.048243184,0.29587403,0.14650223,0.053411562,0.011384522
muP_SSM,512,10,870244,0.34681755,0.048238166,0.29585233,0.14648643,0.053402312,0.014190616
muP_SSM,512,100,870244,0.34580058,0.048086993,0.29513517,0.14624026,0.053511646,0.028320694
muP_SSM,512,1,303982,0.3920609,0.06669707,0.34407735,0.1707635,0.06470304,0.007863011
muP_SSM,512,10,303982,0.3920366,0.06670325,0.34405592,0.1707508,0.06471377,0.01045177
muP_SSM,512,100,303982,0.39125654,0.066769585,0.3440025,0.17094898,0.06572607,0.038570106
muP_SSM,512,1,142925,0.393581,0.06382707,0.34642887,0.17722842,0.06997004,0.014392661
muP_SSM,512,10,142925,0.39354908,0.06383148,0.34643388,0.1772586,0.070019275,0.022702519
muP_SSM,512,100,142925,0.39253855,0.063837856,0.34594864,0.17754634,0.07110323,0.07144938
muP_SSM,512,1,127652,0.35398915,0.050387535,0.3087403,0.15521938,0.058473177,0.0019502348
muP_SSM,512,10,127652,0.35397598,0.05038582,0.30872032,0.1552104,0.058464605,0.0021609555
muP_SSM,512,100,127652,0.35304955,0.050291613,0.30808714,0.15498257,0.058442872,0.022886002
muP_SSM,512,1,683486,0.39123893,0.06061097,0.33782285,0.17025618,0.06536341,0.0044572037
muP_SSM,512,10,683486,0.39121765,0.060608704,0.33781305,0.17026904,0.065385856,0.007297612
muP_SSM,512,100,683486,0.3904286,0.060520343,0.33762237,0.17040856,0.06601322,0.03825264
muP_SSM,512,1,645902,0.35215357,0.049514927,0.30075052,0.14756298,0.05559875,0.0075286627
muP_SSM,512,10,645902,0.35213792,0.049512003,0.30073628,0.14755383,0.0555999,0.0057931147
muP_SSM,512,100,645902,0.35118118,0.049408067,0.30007538,0.14725281,0.055650022,0.016631536
muP_SSM,512,1,305033,0.35322663,0.050305776,0.30949816,0.1542088,0.056796033,0.0044168234
muP_SSM,512,10,305033,0.35322693,0.050304264,0.30949444,0.15420339,0.056783743,0.005766984
muP_SSM,512,100,305033,0.35233203,0.050208528,0.30883732,0.15408094,0.056754827,0.018851927
muP_SSM,1024,1,319935,0.50673515,0.06781249,0.44570854,0.21373455,0.08944026,0.0062785214
muP_SSM,1024,10,319935,0.50668716,0.06781343,0.44565195,0.21370876,0.089455046,0.009053644
muP_SSM,1024,100,319935,0.5063678,0.06793168,0.44738498,0.21493602,0.092206635,0.05978505
muP_SSM,1024,1,499896,0.4257242,0.06083559,0.378598,0.18863708,0.07462919,0.007391101
muP_SSM,1024,10,499896,0.42570776,0.06083462,0.3785766,0.18862812,0.07463752,0.006049133
muP_SSM,1024,100,499896,0.42512333,0.060836945,0.37891084,0.18893202,0.07564476,0.01925444
muP_SSM,1024,1,230528,0.40055698,0.053827364,0.3523095,0.17577879,0.06943158,0.007979881
muP_SSM,1024,10,230528,0.40053895,0.053827144,0.35231516,0.17578584,0.069440044,0.0060860533
muP_SSM,1024,100,230528,0.39978093,0.05379693,0.3524685,0.17611806,0.07037409,0.0187914
muP_SSM,1024,1,870244,0.3509259,0.042790644,0.2994244,0.14913006,0.054602128,0.007613929
muP_SSM,1024,10,870244,0.35090473,0.042789627,0.29941046,0.14913253,0.05459622,0.010614422
muP_SSM,1024,100,870244,0.3498939,0.042708896,0.29883757,0.14905395,0.054712057,0.025706833
muP_SSM,1024,1,303982,0.39134026,0.059375994,0.3471365,0.17315735,0.067696966,0.0056758174
muP_SSM,1024,10,303982,0.39135423,0.05937423,0.34716266,0.17318042,0.06773035,0.00822612
muP_SSM,1024,100,303982,0.39090428,0.05940824,0.3475069,0.17363936,0.06882391,0.039089937
muP_SSM,1024,1,142925,0.39470336,0.060855057,0.35320964,0.17621909,0.06926365,0.010139503
muP_SSM,1024,10,142925,0.39469376,0.06086106,0.3532196,0.17621905,0.06929374,0.019069994
muP_SSM,1024,100,142925,0.39384583,0.06085491,0.35305756,0.17637318,0.07036175,0.0708792
muP_SSM,1024,1,127652,0.3527082,0.04412777,0.30797312,0.15413618,0.057768174,0.0018353026
muP_SSM,1024,10,127652,0.3527033,0.044127677,0.30797526,0.15414485,0.057776622,0.004012848
muP_SSM,1024,100,127652,0.35182622,0.04405942,0.30741385,0.15401655,0.057904974,0.023863245
muP_SSM,1024,1,683486,0.39295116,0.054909337,0.3418402,0.17337961,0.06684487,0.0021785323
muP_SSM,1024,10,683486,0.39293304,0.05490601,0.3418235,0.1733817,0.06686126,0.007634941
muP_SSM,1024,100,683486,0.39217094,0.054861564,0.34165642,0.17335609,0.06741509,0.04096499
muP_SSM,1024,1,645902,0.35165414,0.043577243,0.3031763,0.15061061,0.056320745,0.0053367615
muP_SSM,1024,10,645902,0.35164037,0.043577086,0.3031556,0.15060218,0.05631738,0.0041491766
muP_SSM,1024,100,645902,0.3507742,0.04351608,0.30246094,0.15033011,0.056333113,0.018129274
muP_SSM,1024,1,305033,0.35722882,0.044865098,0.3127245,0.15692765,0.0586419,0.0020212259
muP_SSM,1024,10,305033,0.3572082,0.044863548,0.31270403,0.15691464,0.058636427,0.0036294821
muP_SSM,1024,100,305033,0.35611585,0.04476478,0.31193903,0.15665299,0.058646876,0.021429958
muP_3,2,1,319935,0.45644855,0.013688256,0.4755339,0.13187125,0.0852031,0.14057882
muP_3,2,10,319935,0.45714664,0.01370463,0.47639036,0.13257587,0.085832186,0.11898184
muP_3,2,100,319935,0.46339718,0.01381805,0.48373023,0.13963564,0.09346657,0.08954972
muP_3,2,1,499896,0.48446995,0.014421169,0.43047857,0.18780586,0.07921513,0.20616637
muP_3,2,10,499896,0.48471186,0.014430028,0.43056297,0.18768913,0.07841481,0.18900697
muP_3,2,100,499896,0.48625585,0.01449579,0.43546078,0.18944095,0.0756675,0.087727584
muP_3,2,1,230528,0.38650766,0.0057591074,0.31938246,0.21248412,0.08346382,0.18171798
muP_3,2,10,230528,0.38635054,0.0057547125,0.31943962,0.21258129,0.083240084,0.16136773
muP_3,2,100,230528,0.3858438,0.005726612,0.32150945,0.21444136,0.08470661,0.0441586
muP_3,2,1,870244,0.30727407,0.0026405388,0.28402853,0.085073315,0.05442058,0.19412264
muP_3,2,10,870244,0.3073134,0.002639406,0.28393522,0.08505646,0.05433168,0.17851384
muP_3,2,100,870244,0.3073008,0.0026323928,0.28407988,0.08510743,0.05342828,0.094033636
muP_3,2,1,303982,0.3696091,0.0045923973,0.20765103,0.12312598,0.07079213,0.1256786
muP_3,2,10,303982,0.36960632,0.0045918184,0.20754243,0.123054184,0.07010035,0.10660238
muP_3,2,100,303982,0.3695406,0.004575226,0.20686868,0.12266699,0.06623758,0.052028477
muP_3,2,1,142925,0.29144204,0.005019059,0.180021,0.09815258,0.07997763,0.22490327
muP_3,2,10,142925,0.2909749,0.0050065364,0.17954537,0.09788334,0.079866424,0.2134548
muP_3,2,100,142925,0.28648713,0.00488694,0.17564565,0.09578243,0.07927308,0.14849809
muP_3,2,1,127652,0.2724798,0.005521138,0.24000719,0.08768972,0.053062897,0.06460726
muP_3,2,10,127652,0.27233946,0.0055168443,0.23963758,0.087694116,0.0529897,0.057180453
muP_3,2,100,127652,0.2698867,0.005440954,0.23455507,0.08775121,0.053003915,0.04713457
muP_3,2,1,683486,0.4121501,0.011946923,0.30486774,0.14413816,0.075904384,0.061991625
muP_3,2,10,683486,0.41226202,0.011953224,0.30489048,0.14415532,0.075858764,0.059173737
muP_3,2,100,683486,0.41294888,0.011985721,0.30528358,0.14440674,0.07612523,0.037105292
muP_3,2,1,645902,0.299486,0.008993346,0.21512276,0.08630678,0.058956463,0.13604608
muP_3,2,10,645902,0.2998491,0.009005793,0.2155526,0.08643908,0.05888319,0.11458758
muP_3,2,100,645902,0.30170685,0.009097645,0.21825089,0.08758708,0.06040864,0.019083831
muP_3,2,1,305033,0.2924572,0.006694095,0.19180915,0.09895939,0.07402837,0.07651053
muP_3,2,10,305033,0.29251528,0.0066946973,0.19169933,0.09891033,0.07372782,0.070602246
muP_3,2,100,305033,0.29263443,0.006698427,0.19102402,0.098642334,0.07197934,0.041499544
muP_3,4,1,319935,0.43210945,0.007921996,0.49349457,0.16042724,0.08490883,0.116869636
muP_3,4,10,319935,0.43255594,0.007931405,0.4942939,0.16078374,0.08491653,0.09292964
muP_3,4,100,319935,0.43431836,0.007985287,0.49932376,0.16375847,0.08907008,0.060935453
muP_3,4,1,499896,0.44905192,0.0092277,0.35424027,0.17324758,0.06620136,0.107410535
muP_3,4,10,499896,0.44924313,0.009232377,0.35449225,0.17347008,0.06622501,0.09973028
muP_3,4,100,499896,0.45042986,0.0092513235,0.35773483,0.17605941,0.06668656,0.048052635
muP_3,4,1,230528,0.42028713,0.007429889,0.35479313,0.20048432,0.09372194,0.16623768
muP_3,4,10,230528,0.42027116,0.007431638,0.354658,0.20037572,0.092845134,0.14793475
muP_3,4,100,230528,0.41968814,0.007448377,0.3539627,0.19983096,0.08886378,0.045921333
muP_3,4,1,870244,0.3700342,0.007951373,0.32458836,0.15186027,0.076140784,0.100242235
muP_3,4,10,870244,0.37003598,0.007954534,0.32456112,0.15178926,0.07600528,0.09483954
muP_3,4,100,870244,0.3693512,0.007965884,0.324433,0.15140826,0.07488554,0.067768395
muP_3,4,1,303982,0.41605166,0.0069236523,0.25279894,0.13861792,0.06511274,0.06733494
muP_3,4,10,303982,0.416052,0.0069242734,0.25267482,0.13855927,0.065166846,0.0636099
muP_3,4,100,303982,0.41575995,0.0069207405,0.25165382,0.13816564,0.06617149,0.04146884
muP_3,4,1,142925,0.35832965,0.006407354,0.2765069,0.14072366,0.057665423,0.16557461
muP_3,4,10,142925,0.35834134,0.0064060837,0.27651283,0.14080957,0.057608623,0.15765677
muP_3,4,100,142925,0.3579557,0.006381199,0.27632365,0.14159288,0.057822604,0.118916854
muP_3,4,1,127652,0.3119493,0.0052224514,0.22220881,0.10723518,0.058977485,0.042133108
muP_3,4,10,127652,0.31204426,0.0052250177,0.22213027,0.107185386,0.058876384,0.03917342
muP_3,4,100,127652,0.31252447,0.005236026,0.22196366,0.10701992,0.0584886,0.026281096
muP_3,4,1,683486,0.4224104,0.011230429,0.37552148,0.14793713,0.08058376,0.02847347
muP_3,4,10,683486,0.42259452,0.011239863,0.37565526,0.14794105,0.08050193,0.030801363
muP_3,4,100,683486,0.42360985,0.011285541,0.37667832,0.14817806,0.08025771,0.0376745
muP_3,4,1,645902,0.31614068,0.007577941,0.30229622,0.14682877,0.0818264,0.11633628
muP_3,4,10,645902,0.3160088,0.0075728134,0.3018946,0.14680338,0.081225134,0.099764556
muP_3,4,100,645902,0.31295952,0.0075231376,0.29576886,0.14564882,0.07861809,0.052687302
muP_3,4,1,305033,0.3582007,0.008141182,0.30479375,0.18270732,0.104837775,0.039485607
muP_3,4,10,305033,0.35821036,0.0081411665,0.30487388,0.18280074,0.104747504,0.038512737
muP_3,4,100,305033,0.35788622,0.008124129,0.30584157,0.1837966,0.10453954,0.03944177
muP_3,8,1,319935,0.50812596,0.0095107155,0.5440374,0.20005168,0.09330474,0.14254212
muP_3,8,10,319935,0.5076658,0.009495896,0.5432535,0.19960515,0.092393376,0.12849481
muP_3,8,100,319935,0.50498325,0.009395768,0.54058105,0.19764677,0.09030774,0.07720331
muP_3,8,1,499896,0.4497865,0.008340113,0.37163603,0.184981,0.09224895,0.09169475
muP_3,8,10,499896,0.44960007,0.008339139,0.37121192,0.18484327,0.09211367,0.084006466
muP_3,8,100,499896,0.4476704,0.008327668,0.36800024,0.18411486,0.092063285,0.033069804
muP_3,8,1,230528,0.37637174,0.007299716,0.32854837,0.17525764,0.07796334,0.09395026
muP_3,8,10,230528,0.3762675,0.007299385,0.32837382,0.1751051,0.077848144,0.08229149
muP_3,8,100,230528,0.37567186,0.0072872955,0.328534,0.1750261,0.078803696,0.025342602
muP_3,8,1,870244,0.3352217,0.0058044824,0.26099312,0.12149755,0.0582666,0.10008379
muP_3,8,10,870244,0.3352578,0.005805759,0.260993,0.1214774,0.058138013,0.095120385
muP_3,8,100,870244,0.33481127,0.0058042044,0.26078883,0.121370584,0.057552863,0.06839682
muP_3,8,1,303982,0.4336233,0.006968892,0.33973148,0.16492023,0.08574258,0.058193818
muP_3,8,10,303982,0.43356293,0.0069679883,0.33973673,0.16494723,0.085805565,0.051734123
muP_3,8,100,303982,0.4323316,0.0069565573,0.3397755,0.16532734,0.08749185,0.057155073
muP_3,8,1,142925,0.3782949,0.0075118826,0.33630335,0.14867245,0.06102672,0.092572734
muP_3,8,10,142925,0.37822357,0.007507687,0.33607283,0.14853737,0.060898915,0.093862884
muP_3,8,100,142925,0.37679648,0.0074455724,0.33346277,0.14748222,0.060072277,0.10397178
muP_3,8,1,127652,0.30610195,0.0064506144,0.22324899,0.11515191,0.040980928,0.02961117
muP_3,8,10,127652,0.30593696,0.0064478177,0.22302744,0.11505464,0.040885363,0.025473798
muP_3,8,100,127652,0.30413622,0.0064142323,0.22098738,0.11448858,0.04056169,0.025228294
muP_3,8,1,683486,0.4194584,0.009543721,0.32636043,0.16055967,0.074551016,0.038211644
muP_3,8,10,683486,0.4193932,0.009543403,0.32625768,0.16057767,0.07456946,0.037039477
muP_3,8,100,683486,0.4179136,0.009529916,0.32500708,0.16081354,0.07503133,0.033780534
muP_3,8,1,645902,0.3031679,0.006377155,0.2595464,0.1276748,0.0669761,0.07355188
muP_3,8,10,645902,0.30325794,0.006376675,0.25971073,0.12771535,0.0669533,0.06578498
muP_3,8,100,645902,0.30318934,0.0063711554,0.2602328,0.12798138,0.06738904,0.025920765
muP_3,8,1,305033,0.3643672,0.008044952,0.2751298,0.15310666,0.0751909,0.041158047
muP_3,8,10,305033,0.36422816,0.008043481,0.2750071,0.15315887,0.07518249,0.038017526
muP_3,8,100,305033,0.36263248,0.008017969,0.2741618,0.15386902,0.075544335,0.031058844
muP_3,16,1,319935,0.5330051,0.0071328282,0.5021166,0.21615207,0.098515734,0.06675915
muP_3,16,10,319935,0.53312063,0.0071259686,0.50211555,0.2161806,0.098452516,0.05354638
muP_3,16,100,319935,0.5340013,0.007096193,0.5039337,0.21749574,0.1023062,0.053067926
muP_3,16,1,499896,0.4426123,0.0077011148,0.33024442,0.16100788,0.072535686,0.054074485
muP_3,16,10,499896,0.4426261,0.0077019664,0.33032674,0.16103876,0.07256651,0.049136613
muP_3,16,100,499896,0.44305968,0.007703586,0.33253148,0.16220601,0.07374518,0.021406706
muP_3,16,1,230528,0.3690703,0.006365665,0.31646672,0.17769681,0.07751842,0.05970622
muP_3,16,10,230528,0.3691105,0.0063651167,0.31646886,0.17774232,0.07753595,0.053092714
muP_3,16,100,230528,0.36812592,0.0063338117,0.31599143,0.1779355,0.07849027,0.02398228
muP_3,16,1,870244,0.3412002,0.007075006,0.28356448,0.13205548,0.060077716,0.05219198
muP_3,16,10,870244,0.34111676,0.0070732767,0.28345677,0.13202895,0.060063798,0.052171018
muP_3,16,100,870244,0.33971897,0.007045943,0.28256264,0.13196237,0.0602104,0.05144629
muP_3,16,1,303982,0.39877883,0.0067926613,0.30737692,0.14420697,0.06728128,0.034269217
muP_3,16,10,303982,0.39883623,0.0067921747,0.30743697,0.14420614,0.06741674,0.03301797
muP_3,16,100,303982,0.3988676,0.0067821788,0.30843386,0.14461277,0.06983743,0.045236345
muP_3,16,1,142925,0.36818025,0.0076648644,0.29993448,0.13985668,0.052670673,0.08210478
muP_3,16,10,142925,0.36815196,0.007665778,0.30000058,0.13985856,0.052804306,0.084185004
muP_3,16,100,142925,0.36742726,0.007662395,0.3004376,0.14019336,0.054425955,0.09594148
muP_3,16,1,127652,0.33972466,0.0073581007,0.26781574,0.13132545,0.050062913,0.022801878
muP_3,16,10,127652,0.33971596,0.0073581464,0.2677376,0.13127927,0.050105095,0.02024974
muP_3,16,100,127652,0.3392155,0.0073552416,0.26733518,0.13106677,0.050819464,0.024093792
muP_3,16,1,683486,0.4309312,0.008629044,0.3281205,0.16574498,0.06918825,0.030958269
muP_3,16,10,683486,0.4308878,0.008631465,0.32805517,0.16579333,0.069305815,0.03278896
muP_3,16,100,683486,0.42992267,0.008642146,0.32748297,0.16643268,0.071023166,0.04378012
muP_3,16,1,645902,0.33230004,0.0065734484,0.28365517,0.13534744,0.053058956,0.050670907
muP_3,16,10,645902,0.33235076,0.0065736235,0.28375983,0.13537148,0.052976344,0.04197417
muP_3,16,100,645902,0.3317913,0.0065674456,0.28398275,0.1353627,0.052730933,0.014173933
muP_3,16,1,305033,0.39851025,0.007625219,0.3195223,0.16749103,0.07056574,0.014723188
muP_3,16,10,305033,0.39847314,0.007623719,0.31946117,0.1675262,0.070592225,0.014262663
muP_3,16,100,305033,0.39771524,0.007605905,0.31924894,0.16823816,0.071235225,0.025481934
muP_3,32,1,319935,0.533988,0.009062937,0.4733292,0.22066632,0.09397075,0.052619696
muP_3,32,10,319935,0.53411824,0.009059637,0.47350875,0.22073776,0.093974724,0.042200897
muP_3,32,100,319935,0.5344475,0.0090335505,0.4761247,0.22223619,0.09739472,0.07674388
muP_3,32,1,499896,0.41810146,0.0071857763,0.32664257,0.16381903,0.07188426,0.04914791
muP_3,32,10,499896,0.41812027,0.0071861246,0.32666045,0.16383995,0.07192715,0.04409805
muP_3,32,100,499896,0.4174141,0.0071827937,0.32662997,0.16397712,0.072876446,0.01901303
muP_3,32,1,230528,0.38647765,0.00623681,0.33741555,0.17852359,0.07461454,0.043819025
muP_3,32,10,230528,0.38638794,0.006234519,0.3372861,0.17846043,0.07466621,0.037058506
muP_3,32,100,230528,0.38511482,0.006205306,0.3366092,0.17829938,0.07629784,0.015601188
muP_3,32,1,870244,0.34431842,0.0055760583,0.30596352,0.15324585,0.07073101,0.043182224
muP_3,32,10,870244,0.34433603,0.0055762236,0.30598012,0.1532763,0.07076631,0.04298337
muP_3,32,100,870244,0.34365395,0.0055667195,0.30585226,0.15355207,0.071225144,0.038642883
muP_3,32,1,303982,0.40034077,0.007008726,0.324566,0.14986265,0.059502292,0.03292828
muP_3,32,10,303982,0.40032497,0.007008844,0.32452673,0.14984971,0.05939746,0.030861003
muP_3,32,100,303982,0.39958712,0.007010879,0.32415923,0.14995334,0.05948198,0.03490864
muP_3,32,1,142925,0.39164534,0.007380592,0.30650166,0.15864438,0.060622443,0.04316579
muP_3,32,10,142925,0.39163697,0.007379222,0.30648592,0.15864499,0.06064235,0.04728048
muP_3,32,100,142925,0.3909732,0.007356088,0.3063695,0.15900226,0.061701596,0.07015676
muP_3,32,1,127652,0.33839387,0.0061962698,0.2659838,0.1355118,0.05515925,0.013013149
muP_3,32,10,127652,0.33836734,0.006195494,0.2658965,0.13549896,0.055212233,0.015445052
muP_3,32,100,127652,0.33748055,0.006179405,0.26499277,0.13544424,0.055972297,0.036797836
muP_3,32,1,683486,0.39249313,0.0072028744,0.32692686,0.15768509,0.05975216,0.013608642
muP_3,32,10,683486,0.39247513,0.007202771,0.32688358,0.15764962,0.05975583,0.015991494
muP_3,32,100,683486,0.39128745,0.0071854293,0.32584965,0.15710147,0.060120504,0.040638335
muP_3,32,1,645902,0.3407516,0.006953978,0.26776275,0.13036545,0.05945093,0.032739997
muP_3,32,10,645902,0.34074175,0.0069546765,0.2677367,0.13035366,0.05939722,0.025519796
muP_3,32,100,645902,0.3398463,0.006956541,0.26710075,0.13018008,0.059395898,0.013784449
muP_3,32,1,305033,0.3708345,0.0065206406,0.29448563,0.16079527,0.06501317,0.019359186
muP_3,32,10,305033,0.37082002,0.0065187723,0.29455036,0.16081254,0.06501672,0.019643957
muP_3,32,100,305033,0.36983898,0.006492026,0.29453018,0.16090184,0.06524627,0.028566161
muP_3,64,1,319935,0.5100975,0.00818605,0.42235106,0.19534035,0.08036666,0.03678139
muP_3,64,10,319935,0.51000494,0.008185625,0.42210418,0.19533403,0.08019963,0.029264487
muP_3,64,100,319935,0.50914425,0.0081656845,0.42143372,0.19564891,0.08145516,0.051170696
muP_3,64,1,499896,0.41337693,0.00672986,0.32735586,0.16690093,0.07102696,0.027534762
muP_3,64,10,499896,0.41333312,0.0067288573,0.3273715,0.1668911,0.071031556,0.023418868
muP_3,64,100,499896,0.41312504,0.006719137,0.32859802,0.16742438,0.07173909,0.01669162
muP_3,64,1,230528,0.39187554,0.0058331597,0.32595,0.1683485,0.06740044,0.033283893
muP_3,64,10,230528,0.39186984,0.0058331797,0.32597247,0.16837348,0.0673937,0.029449096
muP_3,64,100,230528,0.39133438,0.005828758,0.32635987,0.16887519,0.068325914,0.020446151
muP_3,64,1,870244,0.342842,0.0053293803,0.29095912,0.15008076,0.059145946,0.027025724
muP_3,64,10,870244,0.34282818,0.005329208,0.29094353,0.15011132,0.059214585,0.027902836
muP_3,64,100,870244,0.34167713,0.0053249723,0.28996035,0.1501081,0.059798174,0.030107625
muP_3,64,1,303982,0.39048788,0.0064206724,0.30996656,0.14840028,0.06118364,0.022487232
muP_3,64,10,303982,0.39052826,0.006421104,0.31000546,0.14842072,0.061154623,0.022218922
muP_3,64,100,303982,0.39048216,0.006430291,0.31026345,0.14874859,0.061633628,0.028685838
muP_3,64,1,142925,0.39978823,0.0063846936,0.32530078,0.16555788,0.06549505,0.034179218
muP_3,64,10,142925,0.3998258,0.0063833618,0.32541296,0.16563947,0.06555408,0.040379036
muP_3,64,100,142925,0.3992834,0.0063749226,0.32569394,0.16628361,0.06697764,0.0775207
muP_3,64,1,127652,0.33808914,0.004872357,0.27485812,0.13829102,0.057864156,0.007466996
muP_3,64,10,127652,0.33805615,0.004871114,0.2748232,0.13828261,0.05789235,0.00874019
muP_3,64,100,127652,0.33695975,0.004852884,0.27396074,0.1380057,0.058085296,0.02755255
muP_3,64,1,683486,0.39064905,0.0064402283,0.29196426,0.14616749,0.05770099,0.011072981
muP_3,64,10,683486,0.39067787,0.0064406213,0.2920935,0.1462643,0.057726715,0.01404381
muP_3,64,100,683486,0.3900543,0.006437545,0.2924512,0.14658853,0.058370855,0.04290684
muP_3,64,1,645902,0.34633327,0.0055064512,0.27432728,0.12912732,0.04964,0.020511596
muP_3,64,10,645902,0.34634936,0.0055067614,0.2743787,0.1291542,0.04966051,0.017779663
muP_3,64,100,645902,0.34580374,0.0055050408,0.27466345,0.12936315,0.05020053,0.017650448
muP_3,64,1,305033,0.36433643,0.0059581934,0.28768337,0.14585239,0.059490945,0.008697181
muP_3,64,10,305033,0.3643181,0.0059579117,0.28763476,0.14584415,0.059482276,0.009415398
muP_3,64,100,305033,0.3632235,0.0059426543,0.28638738,0.14575055,0.05958985,0.017676312
muP_3,128,1,319935,0.4881062,0.0064955265,0.4048154,0.19027403,0.082230866,0.023671048
muP_3,128,10,319935,0.48797607,0.0064971917,0.40460613,0.19020334,0.082104474,0.016578702
muP_3,128,100,319935,0.4872355,0.0065111783,0.40474135,0.190884,0.08348653,0.051916752
muP_3,128,1,499896,0.42049578,0.0053162277,0.3414754,0.17618796,0.07340083,0.015826447
muP_3,128,10,499896,0.42056364,0.005315478,0.3415486,0.17623086,0.07342023,0.013716436
muP_3,128,100,499896,0.420251,0.0053088833,0.34168202,0.17646892,0.0744522,0.020103373
muP_3,128,1,230528,0.39499274,0.004957218,0.32234848,0.15834828,0.06429971,0.020773597
muP_3,128,10,230528,0.39499655,0.004956173,0.3224153,0.15839079,0.06437121,0.017410064
muP_3,128,100,230528,0.39449278,0.0049431296,0.32319382,0.15894596,0.065837294,0.016056847
muP_3,128,1,870244,0.35115865,0.004544554,0.2842094,0.14218765,0.05469184,0.02765539
muP_3,128,10,870244,0.35118696,0.004544536,0.28426123,0.14220428,0.05472069,0.02919867
muP_3,128,100,870244,0.35070446,0.004538193,0.284429,0.14232999,0.055090345,0.03643165
muP_3,128,1,303982,0.38928998,0.0054566497,0.3126483,0.155437,0.06522601,0.016126912
muP_3,128,10,303982,0.38929033,0.0054564867,0.31266123,0.15542728,0.06520841,0.013711979
muP_3,128,100,303982,0.3889214,0.0054552862,0.3128822,0.15550996,0.06562103,0.033123992
muP_3,128,1,142925,0.40345472,0.005685917,0.3281072,0.1730507,0.07247391,0.03464709
muP_3,128,10,142925,0.40344515,0.005685868,0.32814342,0.17310363,0.07253877,0.04129582
muP_3,128,100,142925,0.40289786,0.0056821587,0.3284998,0.17380424,0.07379629,0.08176729
muP_3,128,1,127652,0.34718385,0.0045779883,0.27683204,0.1441226,0.05688234,0.0053780596
muP_3,128,10,127652,0.34714952,0.004577934,0.2767823,0.14410885,0.056866996,0.008254647
muP_3,128,100,127652,0.34597534,0.0045655104,0.2756357,0.14370367,0.05661652,0.024861403
muP_3,128,1,683486,0.38785845,0.004968577,0.29937094,0.15275173,0.061727036,0.0046257214
muP_3,128,10,683486,0.38784283,0.004967964,0.29933262,0.1526869,0.06170902,0.010071253
muP_3,128,100,683486,0.3873003,0.0049599553,0.29912278,0.15219183,0.06197895,0.041155647
muP_3,128,1,645902,0.34715953,0.0046948367,0.27343458,0.13150507,0.05190681,0.019121181
muP_3,128,10,645902,0.34714046,0.004694304,0.27343118,0.13149749,0.051873613,0.014811254
muP_3,128,100,645902,0.34632695,0.004682413,0.27308124,0.13143834,0.05206381,0.013407815
muP_3,128,1,305033,0.34938014,0.004229473,0.27991286,0.14035423,0.056621246,0.0074975407
muP_3,128,10,305033,0.34937492,0.004230034,0.2799389,0.14037812,0.056644335,0.008747346
muP_3,128,100,305033,0.3484387,0.0042285267,0.27924365,0.14044018,0.05675294,0.020633025
muP_3,256,1,319935,0.4979406,0.0049393335,0.41074955,0.19359411,0.08813528,0.012252
muP_3,256,10,319935,0.49787807,0.0049402043,0.41063783,0.19365728,0.088240966,0.013215104
muP_3,256,100,319935,0.49752003,0.004945655,0.41156772,0.19530186,0.09156976,0.06090953
muP_3,256,1,499896,0.42710495,0.004379472,0.34303734,0.1763683,0.07199751,0.016241934
muP_3,256,10,499896,0.42710286,0.004379603,0.34303713,0.17638591,0.072013274,0.014184949
muP_3,256,100,499896,0.42655268,0.004376631,0.34301826,0.17659765,0.07302051,0.017746024
muP_3,256,1,230528,0.39929974,0.0040478655,0.3234992,0.15814821,0.06346295,0.016326431
muP_3,256,10,230528,0.39926976,0.0040475028,0.32345176,0.15811582,0.06345888,0.013526187
muP_3,256,100,230528,0.3984572,0.004040223,0.32315484,0.15795429,0.06409186,0.016189458
muP_3,256,1,870244,0.3431361,0.003240443,0.2655951,0.13250116,0.0501436,0.019767748
muP_3,256,10,870244,0.34315968,0.0032407406,0.26564685,0.13252337,0.050161835,0.02192475
muP_3,256,100,870244,0.34258938,0.0032374756,0.2657117,0.1326014,0.050331727,0.032937277
muP_3,256,1,303982,0.3914792,0.0040408177,0.31384173,0.15416977,0.061719827,0.010269713
muP_3,256,10,303982,0.3914876,0.004041097,0.31385028,0.15419601,0.06175885,0.012272269
muP_3,256,100,303982,0.39099392,0.00404515,0.31387234,0.15461536,0.06280466,0.037789907
muP_3,256,1,142925,0.39749715,0.004362174,0.32200104,0.16293247,0.06745086,0.021782078
muP_3,256,10,142925,0.39749146,0.004362219,0.32200935,0.16292912,0.06749098,0.029790116
muP_3,256,100,142925,0.39677536,0.004361964,0.32186997,0.16297314,0.06845485,0.077232316
muP_3,256,1,127652,0.3474667,0.0034385335,0.28069526,0.14185998,0.05365956,0.005599864
muP_3,256,10,127652,0.34745494,0.0034386115,0.2806968,0.14186496,0.05368237,0.00857536
muP_3,256,100,127652,0.34657902,0.0034343328,0.28025395,0.14173873,0.053849973,0.026594274
muP_3,256,1,683486,0.3926572,0.003911732,0.3028308,0.15419012,0.06255533,0.0057461136
muP_3,256,10,683486,0.39265177,0.003911507,0.3028127,0.15418354,0.062577516,0.010306134
muP_3,256,100,683486,0.3920775,0.003905697,0.30262253,0.15409894,0.06321291,0.04192548
muP_3,256,1,645902,0.35289732,0.0033425477,0.27429014,0.1367082,0.055025935,0.013305946
muP_3,256,10,645902,0.3528869,0.0033423204,0.27428272,0.13671353,0.055040877,0.010126724
muP_3,256,100,645902,0.35203227,0.0033359155,0.27366737,0.13655597,0.055225056,0.018621482
muP_3,256,1,305033,0.35136467,0.0032440035,0.27942324,0.14153889,0.054707423,0.009332387
muP_3,256,10,305033,0.3513569,0.003243965,0.27942452,0.14153568,0.054713387,0.010214505
muP_3,256,100,305033,0.35042086,0.0032384007,0.27889577,0.14138575,0.05483388,0.016752902
muP_3,512,1,319935,0.49836,0.0032333476,0.39976746,0.19329582,0.08792201,0.011025827
muP_3,512,10,319935,0.49835363,0.00323348,0.39980784,0.19324997,0.08797835,0.012636582
muP_3,512,100,319935,0.4980955,0.0032312854,0.40100303,0.19375968,0.090831496,0.062830746
muP_3,512,1,499896,0.42488733,0.0030382609,0.33915558,0.16988772,0.07028125,0.008269293
muP_3,512,10,499896,0.42491382,0.0030382883,0.33920553,0.1699322,0.070321165,0.0069565685
muP_3,512,100,499896,0.42461598,0.003036146,0.3398248,0.17042974,0.071401075,0.01799512
muP_3,512,1,230528,0.40006554,0.0027355514,0.32232705,0.15747036,0.06415778,0.0083902255
muP_3,512,10,230528,0.40007177,0.0027355808,0.3223677,0.15749444,0.064185135,0.0061829495
muP_3,512,100,230528,0.39956462,0.002733364,0.32279506,0.15790015,0.065198496,0.018947223
muP_3,512,1,870244,0.3468371,0.0021320938,0.27133426,0.1342284,0.050487474,0.011152488
muP_3,512,10,870244,0.34682152,0.002131895,0.2713273,0.13421972,0.050475646,0.01395806
muP_3,512,100,870244,0.34591088,0.0021258295,0.27082306,0.13406242,0.050537482,0.028384242
muP_3,512,1,303982,0.39206097,0.0029476013,0.3101863,0.15452884,0.06159256,0.0076537896
muP_3,512,10,303982,0.39203703,0.002947662,0.31015533,0.1545129,0.061593745,0.010204318
muP_3,512,100,303982,0.39128488,0.0029478876,0.30991268,0.15459415,0.062444806,0.037414078
muP_3,512,1,142925,0.39358214,0.002820803,0.31425756,0.16031533,0.06628405,0.0139955515
muP_3,512,10,142925,0.3935591,0.0028209744,0.3142386,0.16033128,0.06631862,0.022248099
muP_3,512,100,142925,0.39267826,0.0028202038,0.31373158,0.16054942,0.06721743,0.070826724
muP_3,512,1,127652,0.35398927,0.0022268633,0.2841271,0.1422049,0.05542624,0.0022384436
muP_3,512,10,127652,0.35397816,0.0022267534,0.28411475,0.14219725,0.055418994,0.0023693584
muP_3,512,100,127652,0.35317174,0.0022225736,0.28366068,0.14202824,0.05540364,0.023434103
muP_3,512,1,683486,0.39123902,0.0026786781,0.307681,0.15525088,0.062504396,0.004068106
muP_3,512,10,683486,0.39122063,0.0026785557,0.30766773,0.15525885,0.062513694,0.006859859
muP_3,512,100,683486,0.39050934,0.0026748048,0.30753618,0.1554083,0.06301542,0.038266297
muP_3,512,1,645902,0.35215324,0.0021882749,0.27726942,0.1367652,0.053986356,0.0074312803
muP_3,512,10,645902,0.3521362,0.0021881664,0.27725223,0.13675402,0.053983606,0.0056443643
muP_3,512,100,645902,0.35124257,0.0021841605,0.27659687,0.13644648,0.054004658,0.016614968
muP_3,512,1,305033,0.3532263,0.002223246,0.28308213,0.14135645,0.05508513,0.0042249016
muP_3,512,10,305033,0.35322386,0.0022232304,0.28308836,0.14135493,0.055081673,0.0055908267
muP_3,512,100,305033,0.35234904,0.0022193736,0.282579,0.14128044,0.05511482,0.019471476
muP_3,1024,1,319935,0.5067336,0.0021191624,0.4043346,0.19324295,0.08596109,0.006777583
muP_3,1024,10,319935,0.50668466,0.0021193412,0.40426433,0.19320606,0.08597741,0.008892563
muP_3,1024,100,319935,0.5063019,0.0021207288,0.4049595,0.19393742,0.088461556,0.058128245
muP_3,1024,1,499896,0.42572513,0.0019011266,0.34295824,0.17072026,0.07066641,0.0069819177
muP_3,1024,10,499896,0.42571637,0.00190111,0.34295553,0.17071645,0.070680015,0.005726838
muP_3,1024,100,499896,0.4252311,0.0019005318,0.34328786,0.17098589,0.07161379,0.019180454
muP_3,1024,1,230528,0.40055746,0.0016821102,0.32144812,0.16020018,0.06651911,0.007924065
muP_3,1024,10,230528,0.40054017,0.0016821311,0.32145044,0.16020383,0.06653354,0.0062109837
muP_3,1024,100,230528,0.39983046,0.0016808995,0.32161355,0.16051646,0.067427196,0.018437147
muP_3,1024,1,870244,0.3509261,0.0013372119,0.27483457,0.13713104,0.052174766,0.008069016
muP_3,1024,10,870244,0.35090792,0.0013371855,0.27482074,0.13713343,0.052164976,0.0110574495
muP_3,1024,100,870244,0.34998837,0.0013349067,0.2743471,0.13709478,0.052233975,0.026429733
muP_3,1024,1,303982,0.39133993,0.0018555081,0.31172746,0.15535432,0.06414125,0.005363829
muP_3,1024,10,303982,0.39135158,0.0018554131,0.3117508,0.15537366,0.06417362,0.00785516
muP_3,1024,100,303982,0.39095876,0.0018552453,0.31202474,0.1557635,0.065182365,0.038634077
muP_3,1024,1,142925,0.39470407,0.0019017243,0.3159092,0.15761417,0.06499811,0.010229743
muP_3,1024,10,142925,0.39470285,0.0019018733,0.31592667,0.15761611,0.06502133,0.019042844
muP_3,1024,100,142925,0.3939698,0.001900312,0.3158101,0.15776084,0.06597982,0.07051487
muP_3,1024,1,127652,0.35270825,0.0013789934,0.28197435,0.14143506,0.055268303,0.0018643609
muP_3,1024,10,127652,0.35270452,0.001378996,0.28197303,0.14144155,0.05527795,0.003789171
muP_3,1024,100,127652,0.35190466,0.0013771533,0.28152105,0.14135748,0.055428315,0.02375358
muP_3,1024,1,683486,0.3929507,0.0017159065,0.31141412,0.15798794,0.063464575,0.0021323024
muP_3,1024,10,683486,0.3929309,0.0017157306,0.31139237,0.1579846,0.0634814,0.007920647
muP_3,1024,100,683486,0.39219528,0.0017132141,0.31116334,0.15790837,0.063964315,0.041463163
muP_3,1024,1,645902,0.3516542,0.0013617896,0.27463955,0.13603246,0.053575277,0.005431682
muP_3,1024,10,645902,0.35164198,0.001361787,0.27462244,0.13602503,0.053575218,0.004263135
muP_3,1024,100,645902,0.35085025,0.0013600673,0.2740397,0.13580106,0.053617842,0.018238299
muP_3,1024,1,305033,0.35722885,0.0014020336,0.2852956,0.1430585,0.055654593,0.0020112651
muP_3,1024,10,305033,0.35720888,0.0014019916,0.28528118,0.14304855,0.055652805,0.0035496482
muP_3,1024,100,305033,0.35620612,0.0013991866,0.28471577,0.14288187,0.05570393,0.021154026
standard,2,1,319935,0.4564831,0.013688354,0.47556877,0.13189481,0.08522154,0.12504138
standard,2,10,319935,0.45747927,0.013713182,0.47672626,0.13279751,0.08599994,0.1020724
standard,2,100,319935,0.46624196,0.013876689,0.485997,0.14051528,0.093891524,0.10528157
standard,2,1,499896,0.48446336,0.014421761,0.43046433,0.18779151,0.07916661,0.22053406
standard,2,10,499896,0.4847737,0.014432617,0.4306089,0.18764819,0.07796011,0.20124881
standard,2,100,499896,0.48597398,0.0144816125,0.43551844,0.18927151,0.074705064,0.0912728
standard,2,1,230528,0.38650385,0.005758854,0.31938544,0.21248849,0.08344987,0.1820167
standard,2,10,230528,0.3863046,0.0057538175,0.31948945,0.21263565,0.08311231,0.1599506
standard,2,100,230528,0.3860789,0.005721152,0.32234827,0.21513699,0.084771074,0.042780712
standard,2,1,870244,0.3072771,0.0026403975,0.28402176,0.08507214,0.05441572,0.19827278
standard,2,10,870244,0.307341,0.0026395717,0.28387746,0.0850458,0.05427646,0.18137878
standard,2,100,870244,0.30742773,0.0026294119,0.2839221,0.08513818,0.052833572,0.09642179
standard,2,1,303982,0.36960793,0.004592518,0.20764163,0.12311933,0.07074492,0.1319137
standard,2,10,303982,0.36959496,0.004591103,0.20745625,0.12299347,0.06965241,0.110298954
standard,2,100,303982,0.36940774,0.004567428,0.20632352,0.12232611,0.06402817,0.052594934
standard,2,1,142925,0.29141557,0.0050181844,0.17998888,0.09813438,0.07996215,0.23245212
standard,2,10,142925,0.2907162,0.0049993894,0.17923518,0.09770683,0.07972077,0.22018337
standard,2,100,142925,0.28441963,0.0048352215,0.17364892,0.09463959,0.07836916,0.15244348
standard,2,1,127652,0.27247348,0.005521104,0.2399882,0.087690264,0.0530553,0.07123541
standard,2,10,127652,0.27227095,0.0055148443,0.23943625,0.08769817,0.05291934,0.062441826
standard,2,100,127652,0.2688587,0.0054118037,0.23210065,0.08783327,0.05262488,0.05554389
standard,2,1,683486,0.41215625,0.011947243,0.30486795,0.1441379,0.075902306,0.06686207
standard,2,10,683486,0.41232088,0.011955838,0.3048998,0.14416118,0.075843416,0.06395352
standard,2,100,683486,0.41332716,0.01200888,0.3054309,0.14447875,0.07622862,0.039969105
standard,2,1,645902,0.29951096,0.00899392,0.21514866,0.08631411,0.058944777,0.13905331
standard,2,10,645902,0.3000771,0.009014102,0.21579477,0.08650967,0.058831204,0.113738604
standard,2,100,645902,0.30273,0.0091394475,0.21950611,0.08806152,0.06080826,0.014336924
standard,2,1,305033,0.2924605,0.006694837,0.19180052,0.09895541,0.074006416,0.08669878
standard,2,10,305033,0.29254594,0.006696134,0.19163023,0.0988784,0.07354386,0.079275034
standard,2,100,305033,0.29274574,0.0067021605,0.19062726,0.09846038,0.0708726,0.047008246
standard,4,1,319935,0.43219647,0.0079226745,0.49364343,0.1604958,0.084903374,0.106726415
standard,4,10,319935,0.43320292,0.007943704,0.49542633,0.16133171,0.084921226,0.06933078
standard,4,100,319935,0.43463612,0.008001758,0.5007447,0.16443402,0.09113596,0.10311133
standard,4,1,499896,0.44907686,0.009228167,0.35425255,0.17327176,0.06619588,0.09378163
standard,4,10,499896,0.4494523,0.009237585,0.3546703,0.17372853,0.066162266,0.08818833
standard,4,100,499896,0.450634,0.00926714,0.35932016,0.17814891,0.06728501,0.04480911
standard,4,1,230528,0.42028657,0.007429892,0.35477462,0.2004698,0.093588665,0.20404989
standard,4,10,230528,0.42025763,0.0074339476,0.35450152,0.20025338,0.0916402,0.17563067
standard,4,100,230528,0.4191682,0.0074519673,0.3534445,0.19915445,0.08572165,0.05039381
standard,4,1,870244,0.37002966,0.007951751,0.32456675,0.15184572,0.076103754,0.07029674
standard,4,10,870244,0.3699642,0.0079550035,0.32434177,0.15164933,0.07563697,0.06808971
standard,4,100,870244,0.3677603,0.007945897,0.32225293,0.15043817,0.07302334,0.0633234
standard,4,1,303982,0.4160507,0.0069231647,0.25277948,0.13860822,0.06510907,0.05817575
standard,4,10,303982,0.41603574,0.0069233086,0.25248775,0.1384675,0.06518138,0.05519147
standard,4,100,303982,0.41508722,0.006918824,0.25029245,0.13762644,0.067086406,0.05233944
standard,4,1,142925,0.35833874,0.0064074323,0.27650908,0.14073308,0.057648044,0.18444371
standard,4,10,142925,0.35842916,0.006403039,0.27653196,0.14090173,0.05743167,0.17115892
standard,4,100,142925,0.35764214,0.0063326904,0.27584884,0.14204822,0.057588603,0.12548698
standard,4,1,127652,0.3119624,0.0052229445,0.22219416,0.10722659,0.058955457,0.04993538
standard,4,10,127652,0.3121569,0.0052275904,0.22199507,0.10710748,0.058720518,0.04701953
standard,4,100,127652,0.31273562,0.005240021,0.22149093,0.1068142,0.058027633,0.031306
standard,4,1,683486,0.42243215,0.011231886,0.37553236,0.1479338,0.0805713,0.02414621
standard,4,10,683486,0.42278677,0.011247792,0.37575927,0.14791735,0.080384776,0.027807524
standard,4,100,683486,0.42407632,0.011321512,0.37707254,0.14819442,0.080237366,0.0415358
standard,4,1,645902,0.31612197,0.007576997,0.30222347,0.14682354,0.08172866,0.14169128
standard,4,10,645902,0.31576198,0.007563861,0.3011016,0.14671715,0.08035567,0.11821714
standard,4,100,645902,0.31198037,0.0074987463,0.29264346,0.14451285,0.07689368,0.08036334
standard,4,1,305033,0.35820267,0.008141477,0.30479327,0.18271345,0.10480275,0.042155504
standard,4,10,305033,0.35822117,0.008140447,0.30487195,0.18286313,0.10451,0.041006144
standard,4,100,305033,0.35753098,0.008109529,0.3057732,0.18415742,0.10384538,0.04927102
standard,8,1,319935,0.5079589,0.009505964,0.543727,0.19992632,0.09306073,0.23860042
standard,8,10,319935,0.50636023,0.009461494,0.5409919,0.19849686,0.09046439,0.20065251
standard,8,100,319935,0.50463873,0.009338243,0.541323,0.19792373,0.09338136,0.144033
standard,8,1,499896,0.4497563,0.008339521,0.3715496,0.18495406,0.09221716,0.102424294
standard,8,10,499896,0.44922638,0.008335003,0.3703157,0.18455942,0.091837816,0.089692794
standard,8,100,499896,0.4454919,0.008295667,0.36518577,0.18419974,0.0931578,0.037992705
standard,8,1,230528,0.37634316,0.0072995424,0.32848588,0.17521413,0.07791115,0.09919677
standard,8,10,230528,0.3760801,0.0072968514,0.32797867,0.17484692,0.077732205,0.073312044
standard,8,100,230528,0.3748807,0.0072767395,0.32947335,0.1762931,0.08265065,0.054024104
standard,8,1,870244,0.3352317,0.005803962,0.26097786,0.12148762,0.05819995,0.114180565
standard,8,10,870244,0.3353247,0.0058065536,0.26085886,0.121391244,0.057615254,0.10663899
standard,8,100,870244,0.33375147,0.0058032176,0.26008743,0.121180564,0.05560157,0.08586989
standard,8,1,303982,0.43360963,0.00696825,0.33972302,0.16492288,0.08574511,0.06330761
standard,8,10,303982,0.43342516,0.0069682137,0.33968168,0.16500275,0.08593626,0.054523747
standard,8,100,303982,0.4298367,0.0069216997,0.33883741,0.16544771,0.08935375,0.09269438
standard,8,1,142925,0.37828967,0.00751063,0.33626324,0.14866038,0.060999386,0.0724779
standard,8,10,142925,0.37809208,0.0074964124,0.33561158,0.14840858,0.06065733,0.08093374
standard,8,100,142925,0.37562764,0.007347556,0.33271924,0.14886098,0.060498126,0.1130257
standard,8,1,127652,0.30605498,0.0064501003,0.22316663,0.11512468,0.04095086,0.039131135
standard,8,10,127652,0.30555868,0.0064409426,0.22225104,0.11484066,0.040649354,0.029798057
standard,8,100,127652,0.3015476,0.0063631237,0.21639915,0.114042126,0.040015627,0.037084945
standard,8,1,683486,0.41944754,0.009544386,0.32633215,0.16055529,0.07451997,0.06154217
standard,8,10,683486,0.41923136,0.009545652,0.32596174,0.16054173,0.07435059,0.056201596
standard,8,100,683486,0.41570154,0.009508759,0.32259002,0.16037877,0.07479503,0.044958964
standard,8,1,645902,0.30318806,0.0063779973,0.2595716,0.12768166,0.06696083,0.102312736
standard,8,10,645902,0.303367,0.0063769836,0.25985768,0.1277648,0.06690042,0.08586915
standard,8,100,645902,0.30181846,0.0063691917,0.25832087,0.12780091,0.067542,0.03817354
standard,8,1,305033,0.3643431,0.008043849,0.2750771,0.15309846,0.07514212,0.07987702
standard,8,10,305033,0.36399373,0.008039234,0.27453,0.15308921,0.07472668,0.060439307
standard,8,100,305033,0.3607042,0.007989859,0.2714368,0.15356703,0.07413403,0.046526037
standard,16,1,319935,0.5330484,0.0071301013,0.5020852,0.21617535,0.0984779,0.0746124
standard,16,10,319935,0.53362006,0.007108656,0.5022103,0.21652812,0.09895778,0.025222884
standard,16,100,319935,0.53616506,0.0071031055,0.50655884,0.21966968,0.10560529,0.16570619
standard,16,1,499896,0.44261816,0.0077011148,0.33026484,0.16101766,0.072540686,0.034689162
standard,16,10,499896,0.44273362,0.00770183,0.3305626,0.16116029,0.07268627,0.035646487
standard,16,100,499896,0.44331527,0.007694964,0.33461326,0.16357848,0.07578051,0.060097404
standard,16,1,230528,0.36909494,0.0063655744,0.31647173,0.17772739,0.07753446,0.04661636
standard,16,10,230528,0.3690699,0.0063591506,0.3162705,0.17779446,0.077555805,0.035997715
standard,16,100,230528,0.36607957,0.00629068,0.3138298,0.17654859,0.07843647,0.042389996
standard,16,1,870244,0.34117445,0.007074395,0.2835018,0.13203666,0.060054794,0.013814675
standard,16,10,870244,0.34081835,0.007066171,0.28289366,0.13186997,0.059850182,0.026967479
standard,16,100,870244,0.33742014,0.006997596,0.27938548,0.1311111,0.05988333,0.04337171
standard,16,1,303982,0.39881006,0.0067929686,0.30738348,0.14420938,0.06734328,0.028882762
standard,16,10,303982,0.39895478,0.0067912936,0.30745393,0.14423305,0.06814648,0.043761224
standard,16,100,303982,0.397914,0.006765018,0.30821356,0.14517827,0.0734326,0.124911375
standard,16,1,142925,0.368158,0.007664396,0.29992795,0.13984115,0.05266192,0.12822592
standard,16,10,142925,0.36794528,0.00766424,0.2999455,0.13977697,0.052780498,0.12906905
standard,16,100,142925,0.3659288,0.0076552033,0.29985753,0.14019108,0.054965653,0.13866413
standard,16,1,127652,0.33972582,0.00735811,0.26778677,0.13130733,0.05006973,0.039538864
standard,16,10,127652,0.3396918,0.0073590023,0.2675227,0.13114332,0.050235797,0.033281356
standard,16,100,127652,0.33904973,0.007349789,0.26744887,0.13111055,0.05147448,0.034389764
standard,16,1,683486,0.43092015,0.008630064,0.3280682,0.16576381,0.06921884,0.07078904
standard,16,10,683486,0.43058768,0.008633911,0.32747182,0.16592853,0.06964424,0.08216425
standard,16,100,683486,0.4293632,0.008632596,0.32696834,0.16850956,0.07269285,0.12405874
standard,16,1,645902,0.33232424,0.006573648,0.28368717,0.13535415,0.053019658,0.06566097
standard,16,10,645902,0.3323799,0.0065727867,0.28387445,0.13536759,0.052743148,0.043940768
standard,16,100,645902,0.33093518,0.006556267,0.28309694,0.13505459,0.052376892,0.015004592
standard,16,1,305033,0.3984983,0.007624893,0.3194939,0.16749834,0.0705769,0.0071904915
standard,16,10,305033,0.398338,0.0076222057,0.31924364,0.16762681,0.07070861,0.019682294
standard,16,100,305033,0.39654574,0.0076079764,0.31867832,0.1689457,0.07225435,0.054293383
standard,32,1,319935,0.5340432,0.009060208,0.47335508,0.22067778,0.09394596,0.08261449
standard,32,10,319935,0.5343182,0.0090438975,0.4738864,0.22116297,0.09470502,0.09970338
standard,32,100,319935,0.53347945,0.009012003,0.47417122,0.22187991,0.09835333,0.19646126
standard,32,1,499896,0.41810626,0.007185675,0.32663295,0.1638294,0.071901694,0.07529302
standard,32,10,499896,0.41806787,0.00718457,0.32662943,0.16399135,0.072219476,0.04818949
standard,32,100,499896,0.4165362,0.0071530077,0.32647938,0.16547674,0.07515616,0.10454774
standard,32,1,230528,0.38643903,0.006235693,0.3373409,0.17849442,0.07464645,0.042314384
standard,32,10,230528,0.38591042,0.0062244236,0.33665377,0.17815955,0.07517249,0.028804472
standard,32,100,230528,0.38429406,0.006191882,0.33574888,0.17854054,0.07770444,0.07348304
standard,32,1,870244,0.34434488,0.0055764294,0.30597606,0.15326983,0.070768386,0.04116773
standard,32,10,870244,0.3444015,0.005577219,0.306046,0.15344307,0.071033485,0.044193853
standard,32,100,870244,0.34349224,0.0055668787,0.30590424,0.15379174,0.071784526,0.046323378
standard,32,1,303982,0.40033525,0.0070086187,0.32453436,0.14985101,0.059426725,0.05698507
standard,32,10,303982,0.40016085,0.007010069,0.32424858,0.14979106,0.059022572,0.05477382
standard,32,100,303982,0.39839506,0.0070070163,0.32324162,0.14950544,0.05884673,0.082327284
standard,32,1,142925,0.39164367,0.0073799957,0.30648103,0.15863821,0.060619686,0.025290074
standard,32,10,142925,0.39152908,0.0073705614,0.30628836,0.15863676,0.06074667,0.039015938
standard,32,100,142925,0.3902535,0.007322568,0.305546,0.15877901,0.061839674,0.06772696
standard,32,1,127652,0.33838373,0.006196066,0.26593065,0.13549979,0.055197287,0.04602792
standard,32,10,127652,0.33815494,0.006191248,0.26542097,0.1353964,0.05562744,0.064719625
standard,32,100,127652,0.33660588,0.0061694533,0.26377586,0.13513735,0.057220805,0.100594595
standard,32,1,683486,0.3924936,0.007202896,0.32691053,0.15766856,0.05974963,0.02716914
standard,32,10,683486,0.39230737,0.007201127,0.32666358,0.15751442,0.059830204,0.043293264
standard,32,100,683486,0.3907241,0.007190187,0.325828,0.15719567,0.060873296,0.07597034
standard,32,1,645902,0.34075442,0.0069541694,0.26774132,0.130362,0.059410956,0.033354655
standard,32,10,645902,0.34051704,0.0069582877,0.26740956,0.13027297,0.05936351,0.011366412
standard,32,100,645902,0.33902162,0.0069553256,0.26631814,0.13011742,0.060018886,0.045169935
standard,32,1,305033,0.3708316,0.0065196897,0.29451337,0.1608029,0.06501099,0.048595488
standard,32,10,305033,0.3705959,0.0065093017,0.29453883,0.16084878,0.06504547,0.050038557
standard,32,100,305033,0.36786583,0.006433177,0.293246,0.16070743,0.065113306,0.07166471
standard,64,1,319935,0.5100358,0.008186539,0.42213595,0.19532292,0.08021341,0.0657045
standard,64,10,319935,0.5093423,0.008171026,0.42075023,0.19502807,0.07972038,0.048364535
standard,64,100,319935,0.5085967,0.0081702955,0.42033112,0.19510818,0.08036561,0.12092512
standard,64,1,499896,0.4133617,0.006729077,0.3273739,0.16691199,0.071035415,0.019896891
standard,64,10,499896,0.41327345,0.0067251734,0.3278321,0.16718012,0.071397305,0.069192246
standard,64,100,499896,0.41332924,0.006721622,0.3287308,0.16817218,0.07220196,0.11623319
standard,64,1,230528,0.3918995,0.005833637,0.32597822,0.16836782,0.06739322,0.043370835
standard,64,10,230528,0.39182892,0.0058360742,0.3260265,0.16848084,0.06741866,0.05830046
standard,64,100,230528,0.39164105,0.005838645,0.32633117,0.1689894,0.06790007,0.071025796
standard,64,1,870244,0.34285173,0.005329425,0.29095957,0.15011697,0.059187684,0.022228325
standard,64,10,870244,0.34257597,0.005329995,0.29059833,0.15024379,0.059565235,0.010022152
standard,64,100,870244,0.34171668,0.0053216387,0.28953716,0.15005755,0.05990886,0.031473678
standard,64,1,303982,0.3905307,0.006421282,0.30999476,0.14842129,0.06115516,0.043247644
standard,64,10,303982,0.3907159,0.006429336,0.31016323,0.14858916,0.061179366,0.04952762
standard,64,100,303982,0.3903365,0.00643885,0.31005752,0.14906216,0.06181895,0.08809645
standard,64,1,142925,0.39980385,0.0063833552,0.32534325,0.16558181,0.0654973,0.031086816
standard,64,10,142925,0.399677,0.0063780923,0.32539934,0.1657371,0.06584397,0.058704726
standard,64,100,142925,0.39898205,0.006363477,0.32499623,0.16585925,0.06678071,0.10083178
standard,64,1,127652,0.3380784,0.004871277,0.27483866,0.13829489,0.05790403,0.020670386
standard,64,10,127652,0.337724,0.0048609884,0.27446872,0.13821942,0.058139443,0.04078116
standard,64,100,127652,0.33682305,0.004835022,0.27341917,0.13801582,0.058689144,0.06479799
standard,64,1,683486,0.39067262,0.006440456,0.29205137,0.14624389,0.057714,0.0375826
standard,64,10,683486,0.39060426,0.00643794,0.2923858,0.14660028,0.058060534,0.07011687
standard,64,100,683486,0.38973704,0.006421386,0.29213312,0.14688711,0.05872585,0.10178798
standard,64,1,645902,0.3463556,0.005507006,0.2743632,0.12915066,0.049651213,0.021328544
standard,64,10,645902,0.34636226,0.0055099893,0.27462626,0.12933362,0.04991058,0.028938923
standard,64,100,645902,0.34576708,0.005512415,0.27427632,0.12953784,0.050411064,0.03585239
standard,64,1,305033,0.36433464,0.0059580524,0.2876407,0.14584,0.05947335,0.019582694
standard,64,10,305033,0.3639918,0.005952451,0.2869505,0.14576083,0.05951102,0.027435388
standard,64,100,305033,0.3629704,0.005927486,0.285549,0.14545605,0.059300005,0.02908621
standard,128,1,319935,0.4879942,0.006498808,0.40458214,0.1901805,0.08203717,0.04444045
standard,128,10,319935,0.48749152,0.0065063285,0.40386793,0.19011518,0.082008466,0.09141455
standard,128,100,319935,0.4875785,0.0065112845,0.40410566,0.19047213,0.08241012,0.12575507
standard,128,1,499896,0.42056662,0.0053156638,0.3415226,0.17621046,0.07340038,0.042904038
standard,128,10,499896,0.42051554,0.005311773,0.3414246,0.17622209,0.07355926,0.08582912
standard,128,100,499896,0.42033106,0.005311277,0.34130946,0.17618676,0.0735804,0.11308481
standard,128,1,230528,0.39502367,0.004955973,0.32242858,0.15840122,0.06436313,0.01784657
standard,128,10,230528,0.39485747,0.00494751,0.32265857,0.15854606,0.0647816,0.027641416
standard,128,100,230528,0.39452022,0.004933821,0.3224554,0.15880015,0.06532016,0.050722845
standard,128,1,870244,0.35121053,0.0045447955,0.28428054,0.14221267,0.05472721,0.073549815
standard,128,10,870244,0.35123584,0.0045444337,0.2845414,0.14232387,0.054947846,0.07354307
standard,128,100,870244,0.35116345,0.0045440304,0.28466082,0.14234233,0.05517745,0.083239295
standard,128,1,303982,0.38929692,0.005456119,0.31266457,0.15541792,0.06520606,0.02708843
standard,128,10,303982,0.38924634,0.005455921,0.31281334,0.15541877,0.065317005,0.03893112
standard,128,100,303982,0.38896742,0.0054481537,0.31274754,0.15541528,0.06537729,0.06273303
standard,128,1,142925,0.40345302,0.0056859083,0.3281269,0.17309096,0.07250581,0.1157333
standard,128,10,142925,0.40336293,0.00568633,0.32829127,0.17338057,0.0728998,0.1269402
standard,128,100,142925,0.4033498,0.0056991484,0.3284361,0.17335288,0.07333974,0.166651
standard,128,1,127652,0.34715357,0.0045781396,0.27676377,0.14410731,0.056847505,0.0594294
standard,128,10,127652,0.34668964,0.0045732963,0.27615076,0.14393114,0.05672517,0.054571558
standard,128,100,127652,0.3465027,0.0045679663,0.27594846,0.14398466,0.057008043,0.06768476
standard,128,1,683486,0.38784334,0.0049680616,0.2992957,0.15266436,0.061674435,0.032713927
standard,128,10,683486,0.38763848,0.0049645477,0.29898632,0.15230365,0.061759252,0.06207902
standard,128,100,683486,0.38736698,0.004965044,0.2987872,0.15219252,0.062085822,0.08568249
standard,128,1,645902,0.347155,0.0046941764,0.2734253,0.13149224,0.051851828,0.045333594
standard,128,10,645902,0.3469551,0.0046892758,0.27331153,0.13145815,0.05181533,0.023862077
standard,128,100,645902,0.34673876,0.004687283,0.27294955,0.13139594,0.05184414,0.034403898
standard,128,1,305033,0.34939405,0.004229881,0.27995867,0.14038579,0.05662742,0.04589764
standard,128,10,305033,0.34909526,0.0042309193,0.27964926,0.14041993,0.05663617,0.03983918
standard,128,100,305033,0.3488943,0.004222996,0.27950758,0.14035864,0.05669229,0.061815694
standard,256,1,319935,0.49784666,0.004941095,0.4105161,0.19359003,0.088184744,0.06549694
standard,256,10,319935,0.49762842,0.0049420567,0.4102245,0.1937723,0.08853725,0.13890234
standard,256,100,319935,0.49773324,0.0049456167,0.41019,0.1938267,0.08873424,0.15704472
standard,256,1,499896,0.42711762,0.004379435,0.3430286,0.17638882,0.07201116,0.046596292
standard,256,10,499896,0.4270078,0.0043791644,0.34282315,0.17640401,0.072215,0.07723329
standard,256,100,499896,0.4269274,0.0043818676,0.34251207,0.1762963,0.07225406,0.08063312
standard,256,1,230528,0.3992538,0.0040473775,0.32339442,0.1580855,0.063451625,0.020962223
standard,256,10,230528,0.399045,0.0040454236,0.32312608,0.15794583,0.0635332,0.04722473
standard,256,100,230528,0.39904514,0.0040490725,0.32296136,0.15789458,0.063540526,0.06272728
standard,256,1,870244,0.34318957,0.0032409304,0.26568392,0.13254908,0.050173324,0.0701842
standard,256,10,870244,0.34312588,0.0032402691,0.26576987,0.13263401,0.050210416,0.07534252
standard,256,100,870244,0.3431541,0.0032396272,0.26575783,0.1326681,0.050261695,0.085775755
standard,256,1,303982,0.3915168,0.0040415227,0.31384936,0.15422274,0.061791208,0.034177717
standard,256,10,303982,0.39137682,0.004043266,0.3137571,0.15438442,0.062126935,0.074528195
standard,256,100,303982,0.39142933,0.0040441365,0.3137596,0.15452726,0.062304538,0.08030867
standard,256,1,142925,0.39749908,0.004362498,0.3219996,0.16291016,0.06751508,0.08401793
standard,256,10,142925,0.3973836,0.004364254,0.32191196,0.16285163,0.0678144,0.1376673
standard,256,100,142925,0.39745936,0.0043615606,0.32199755,0.16291282,0.06799465,0.16024369
standard,256,1,127652,0.3474433,0.0034386802,0.28066477,0.1418658,0.05366369,0.057192426
standard,256,10,127652,0.34712172,0.003437489,0.28035322,0.14183858,0.053760357,0.077184185
standard,256,100,127652,0.34698704,0.0034372003,0.28020355,0.1418595,0.05382897,0.094490446
standard,256,1,683486,0.3926696,0.003911429,0.30280718,0.15418339,0.062559985,0.04412233
standard,256,10,683486,0.39256012,0.003909429,0.30265257,0.1541057,0.06264994,0.085211016
standard,256,100,683486,0.3924601,0.0039097145,0.30243862,0.15408583,0.06274872,0.10589985
standard,256,1,645902,0.3528966,0.0033424764,0.27426037,0.13672715,0.055110667,0.031342067
standard,256,10,645902,0.35270563,0.0033419665,0.27409014,0.13674097,0.055258766,0.024616206
standard,256,100,645902,0.3525943,0.0033451547,0.27393046,0.1366534,0.055252254,0.020168688
standard,256,1,305033,0.35135916,0.0032439765,0.2794136,0.14152916,0.054695424,0.06667354
standard,256,10,305033,0.3511625,0.003242587,0.27923802,0.141499,0.054740578,0.06239354
standard,256,100,305033,0.35108656,0.0032415178,0.27911273,0.14151867,0.054861058,0.06996816
standard,512,1,319935,0.4983352,0.0032344104,0.39981684,0.19320437,0.088122405,0.15208846
standard,512,10,319935,0.49822235,0.003233379,0.39967304,0.19306107,0.08833464,0.21966153
standard,512,100,319935,0.4982429,0.0032358915,0.39966902,0.1930556,0.088391356,0.22901183
standard,512,1,499896,0.42491353,0.0030378306,0.33920938,0.16997671,0.07034515,0.050375808
standard,512,10,499896,0.42491907,0.0030372362,0.3392697,0.17006044,0.07045205,0.09131199
standard,512,100,499896,0.42496982,0.0030361146,0.33936346,0.17014602,0.07046539,0.09372958
standard,512,1,230528,0.40011868,0.0027356255,0.32244304,0.1575443,0.06421546,0.06589661
standard,512,10,230528,0.40011314,0.0027349773,0.32250443,0.15764312,0.06433431,0.08963628
standard,512,100,230528,0.40010318,0.0027334697,0.32246536,0.15767771,0.06440055,0.09164289
standard,512,1,870244,0.34685242,0.002131932,0.27136943,0.13422973,0.050456207,0.019334745
standard,512,10,870244,0.34674853,0.002131244,0.27128688,0.1341817,0.050426867,0.023336308
standard,512,100,870244,0.34673256,0.0021307392,0.27136603,0.13417602,0.050436288,0.023892337
standard,512,1,303982,0.3920449,0.0029482888,0.31013158,0.1544873,0.061616123,0.07317994
standard,512,10,303982,0.3920395,0.0029494911,0.31013167,0.15447813,0.061661404,0.08574476
standard,512,100,303982,0.3921058,0.002955202,0.31021073,0.15453376,0.06174138,0.08870086
standard,512,1,142925,0.39356533,0.0028214373,0.3142051,0.1603537,0.066300966,0.06497942
standard,512,10,142925,0.3935076,0.002821217,0.31418064,0.16044089,0.066463485,0.09209423
standard,512,100,142925,0.39340338,0.0028245284,0.31409878,0.16049062,0.06654162,0.10081086
standard,512,1,127652,0.35399058,0.0022266554,0.28410572,0.1421911,0.05540185,0.019638978
standard,512,10,127652,0.3539197,0.0022259546,0.28403813,0.14216945,0.055404477,0.0026324077
standard,512,100,127652,0.35397407,0.0022260945,0.28412694,0.14223473,0.05545756,0.004417161
standard,512,1,683486,0.39122877,0.0026785887,0.30766568,0.15528256,0.06253533,0.058254447
standard,512,10,683486,0.39118007,0.0026783284,0.30759612,0.15536973,0.06266774,0.072358705
standard,512,100,683486,0.39120135,0.002680213,0.3075591,0.15540975,0.062745914,0.07003286
standard,512,1,645902,0.35212722,0.0021880765,0.27721733,0.13674252,0.053982217,0.015895743
standard,512,10,645902,0.35201713,0.0021877112,0.277023,0.13669147,0.05396568,0.009533092
standard,512,100,645902,0.3520164,0.0021876732,0.2769811,0.13671094,0.053981252,0.012350165
standard,512,1,305033,0.3532408,0.0022232463,0.2831088,0.14135736,0.05507062,0.029209651
standard,512,10,305033,0.35316148,0.0022231408,0.28305143,0.14134617,0.05506634,0.032914218
standard,512,100,305033,0.35311112,0.002222882,0.28302017,0.14130442,0.055036623,0.035504974
standard,1024,1,319935,0.5066464,0.0021197863,0.40415403,0.19316556,0.086163886,0.22856303
standard,1024,10,319935,0.5066954,0.002119437,0.40407452,0.19310279,0.08591933,0.11927015
standard,1024,100,319935,0.5074298,0.002121732,0.40189546,0.19215713,0.08478645,0.18111321
standard,1024,1,499896,0.42578068,0.001900915,0.343019,0.17074226,0.07074838,0.08992263
standard,1024,10,499896,0.42579165,0.0019008802,0.34295687,0.17075726,0.07076637,0.11865139
standard,1024,100,499896,0.4260045,0.0019019764,0.34175846,0.17033765,0.07037834,0.12389372
standard,1024,1,230528,0.4005627,0.0016822559,0.32150063,0.16022678,0.06657144,0.06856413
standard,1024,10,230528,0.4005847,0.0016820857,0.32151625,0.16024102,0.06657451,0.054038417
standard,1024,100,230528,0.4009116,0.0016832151,0.31992114,0.15946569,0.06596854,0.086867474
standard,1024,1,870244,0.35090828,0.0013372878,0.2748129,0.13714688,0.052148916,0.017650712
standard,1024,10,870244,0.35096237,0.0013377265,0.27483734,0.13716428,0.05217064,0.038274553
standard,1024,100,870244,0.35125843,0.0013396166,0.27339098,0.13645294,0.05170916,0.013852005
standard,1024,1,303982,0.39144924,0.0018551477,0.31183317,0.15543671,0.064207174,0.050906204
standard,1024,10,303982,0.3914037,0.0018552417,0.3117186,0.15540133,0.0642679,0.12663135
standard,1024,100,303982,0.39184174,0.0018589587,0.30939975,0.15387149,0.06309502,0.103069164
standard,1024,1,142925,0.39475584,0.0019025666,0.31600899,0.1576256,0.06509982,0.1182882
standard,1024,10,142925,0.3947741,0.0019027984,0.31596988,0.15759669,0.06507716,0.09841816
standard,1024,100,142925,0.39521483,0.0019063723,0.31411907,0.15631443,0.06406634,0.109860875
standard,1024,1,127652,0.35272905,0.0013791689,0.28198266,0.14146866,0.05531403,0.028018164
standard,1024,10,127652,0.3527204,0.0013793242,0.28192553,0.14147022,0.055316117,0.032684058
standard,1024,100,127652,0.35292295,0.0013807052,0.28050694,0.14080338,0.05495903,0.051593192
standard,1024,1,683486,0.39294487,0.0017156085,0.31137052,0.15798332,0.06360005,0.12882122
standard,1024,10,683486,0.39300945,0.0017158567,0.31130216,0.15798007,0.06347226,0.098419584
standard,1024,100,683486,0.39354578,0.0017199162,0.3089569,0.15721042,0.06278394,0.09863697
standard,1024,1,645902,0.35165137,0.0013619816,0.27460507,0.13601837,0.053614352,0.084625654
standard,1024,10,645902,0.35168037,0.0013622285,0.27458948,0.13602503,0.05358435,0.058525376
standard,1024,100,645902,0.35202804,0.001364096,0.2733266,0.13543607,0.05326076,0.034347598
standard,1024,1,305033,0.35721213,0.0014020437,0.28528675,0.14305077,0.05567669,0.06417622
standard,1024,10,305033,0.35725704,0.0014021143,0.28525433,0.14303309,0.055701476,0.07872948
standard,1024,100,305033,0.35793555,0.0014064742,0.27943152,0.14025304,0.053967733,0.048966404
